"ConState","Year","TotInsLabour","InsLabEmp","InsLabUnemp","TotOutLabour","TotInsLabourM","InsLabEmpM","InsLabUnempM","TotOutLabourM","TotInsLabourF","InsLabEmpF","InsLabUnempF","TotOutLabourF","AllTotalWorkForce","SubTotWorkForce","BumiWorkForce","ChineseWorkForce","IndianWorkForce","OtherWorkForce","SubTotForeignWorkForce"
"Johor",1982,653.1,630.2,22.9,345.1,420.6,408.6,12,69.3,232.5,221.6,10.9,275.9,653.1,635.4,221.4,243.3,56.5,114.2,17.7
"Kedah",1982,403.9,389,15,259.2,266.8,260.8,6,58,137.1,128.1,8.9,201.2,403.9,400.7,297.8,70.7,25.2,7,3.3
"Kelantan",1982,319.4,304.3,15.2,188.9,192.8,185.2,7.6,49.7,126.6,119,7.6,139.2,319.4,312.3,287.7,19.4,1.7,3.5,7.1
"Malaysia",1982,5431.4,5249,182.4,2944.6,3562.3,3465.3,97,611.5,1869.1,1783.7,85.4,2333.1,5431.4,5293,2784.9,1795.9,477.6,234.5,138.5
"Melaka",1982,174.1,167.2,6.9,108.6,112.48,109.139,3.341,25.903,61.581,58.044,3.537,82.686,174.1,170.9,78.7,70.5,18.9,2.8,3.2
"N. Sembilan",1982,222.8,216.3,6.5,130.5,140.1,136.8,3.3,33.3,82.7,79.5,3.2,97.2,222.8,220.7,90.7,80.2,44.3,5.5,2.1
"P. Pinang",1982,396,382.3,13.7,222.5,261.1,253.116,7.984,45.507,134.9,129.2,5.7,177,396,389.3,129.6,220.4,36.2,3,6.7
"Pahang",1982,279.6,270.2,9.5,138.7,190.6,186.2,4.3,25.3,89.1,84,5.1,113.4,279.6,275.1,170.4,82.4,21,1.2,4.6
"Perak",1982,638.6,604,34.6,360.1,406.5,386.4,20.1,73.8,232.1,217.6,14.5,286.3,638.6,629.3,258.7,267.7,93.4,9.5,9.3
"Perlis",1982,58.1,55.7,2.4,37.8,39.3,38.3,1,7.6,18.8,17.4,1.4,30.2,58.1,57.3,44.8,9.7,1.8,1,0.7
"Sabah",1982,354.3,343.6,10.7,237.4,278,271.2,6.8,33.5,76.2,72.4,3.9,204,354.3,296.2,208.1,63.7,1.5,22.9,58.1
"Sarawak",1982,539.7,524.7,15,230.5,338.2,329.8,8.4,43.4,201.5,194.9,6.6,187.2,539.7,536.6,381.1,150.2,2.6,2.7,3.1
"Selangor",1982,691.9,676.9,15,357.1,457.2,449.2,8,76.3,234.7,227.7,7,280.8,691.9,681.9,266.2,243.3,120,52.3,10.1
"Terengganu",1982,227.2,221.1,6.1,121.9,147.3,144.3,2.9,28.1,80,76.8,3.2,93.8,227.2,225.1,210.6,12.8,1.5,0.2,2.1
"W.P Kuala Lumpur",1982,472.6,463.6,9,206.1,311.3,306.2,5.1,41.7,161.3,157.4,3.9,164.4,472.6,462.2,139,261.6,53,8.6,10.4
"Johor",1983,650.9,623.7,27.2,344.1,417.6,402.2,15.4,75.8,233.3,221.5,11.8,268.3,650.9,640.5,198.3,249.5,48,144.7,10.5
"Kedah",1983,388.2,373.6,14.7,226.6,243.2,237.8,5.4,46.2,145.1,135.8,9.3,180.5,388.2,386.4,290.2,63.2,20.5,12.5,1.8
"Kelantan",1983,301.3,282.5,18.8,216.5,191.9,182.2,9.7,61,109.4,100.3,9.1,155.4,301.3,295.8,276.1,15.5,4,0.3,5.5
"Malaysia",1983,5671.8,5457,214.9,2969.4,3693.1,3570.4,122.6,620.8,1978.8,1886.5,92.2,2348.6,5671.8,5494.3,2828.5,1869.7,493.4,302.8,177.5
"Melaka",1983,170.3,165.5,4.8,102.3,105.919,102.993,2.926,19.671,64.409,62.542,1.867,82.658,170.3,169.2,56.9,83.9,25,3.4,1.1
"N. Sembilan",1983,223.5,215,8.5,135.1,138.6,134.5,4.1,32.8,84.9,80.5,4.4,102.3,223.5,222.7,97.8,88.8,32.6,3.4,0.8
"P. Pinang",1983,421,404.8,16.1,233.7,272.003,262.249,9.754,50.962,149,142.6,6.4,182.7,421,411.6,141.1,228.1,39.6,2.8,9.4
"Pahang",1983,342.6,333.5,9.1,166.3,234.6,229.3,5.4,28.1,107.9,104.2,3.7,138.2,342.6,329.5,198.9,97.4,31,2.3,13.1
"Perak",1983,704.9,669.2,35.7,359.8,443.9,422.4,21.6,80,261,246.8,14.1,279.8,704.9,694,292.9,290.6,100.3,10.2,10.9
"Perlis",1983,66,63.8,2.1,45.7,48.3,47,1.3,9,17.7,16.8,0.9,36.8,66,65.1,45.1,17.1,2,0.9,0.8
"Sabah",1983,393.8,377.7,16.1,224.6,295,284.4,10.6,34.6,98.7,93.3,5.5,190,393.8,329.9,228.8,68.3,2.6,30.2,63.9
"Sarawak",1983,569.5,540.1,29.4,229.7,354.8,337.9,16.8,41.5,214.7,202.1,12.6,188.2,569.5,562.6,397.6,159.9,3.2,1.9,6.9
"Selangor",1983,757.2,739.9,17.2,363.3,499.3,489,10.4,77.7,257.8,251,6.8,285.6,757.2,732.7,253.2,267.8,133.3,78.4,24.4
"Terengganu",1983,243.1,236.9,6.2,138.7,161.6,157.6,4,29.1,81.5,79.3,2.2,109.5,243.1,238.9,221.4,15.2,2.3,0,4.2
"W.P Kuala Lumpur",1983,439.6,430.7,8.9,182.9,286.2,280.9,5.2,34.3,153.4,149.8,3.7,148.6,439.6,415.4,130.1,224.3,49.1,11.9,24.2
"Johor",1984,688.2,657.3,30.9,372.1,451.6,433.9,17.7,74.6,236.6,223.4,13.2,297.6,688.2,672.5,233,265.9,61.1,112.6,15.7
"Kedah",1984,442.6,417.6,25,276.3,290.1,277.6,12.6,61.8,152.5,140,12.4,214.6,442.6,440.3,320.8,80.2,34.1,5.2,2.3
"Kelantan",1984,341,322.3,18.6,213.1,211.2,199.8,11.4,56.9,129.7,122.5,7.2,156.2,341,329.6,301.5,20.3,4.2,3.7,11.3
"Malaysia",1984,5862.5,5566.7,295.8,3119.6,3832.2,3662.6,169.6,654.9,2030.3,1904.1,126.2,2464.7,5862.5,5653.3,3086.2,1891.4,515.4,160.4,209.3
"Melaka",1984,171.8,162.5,9.2,109.8,107.286,101.786,5.5,25.295,64.475,60.762,3.713,84.509,171.8,169.4,80.9,69.1,15,4.3,2.4
"N. Sembilan",1984,234.9,223.3,11.6,138.1,152.7,146,6.7,31.3,82.2,77.3,4.9,106.8,234.9,232.9,97.3,86.5,46,3.1,2
"P. Pinang",1984,397.9,383.7,14.2,245.8,267.346,257.473,9.873,51.633,130.5,126.2,4.3,194.2,397.9,394.2,130.8,216.8,44.8,1.9,3.6
"Pahang",1984,321.7,306.9,14.8,162.9,218.9,211,7.9,29.9,102.8,95.9,7,133,321.7,314.6,200.6,85.8,27.1,1,7.2
"Perak",1984,697.2,659.6,37.7,377,442,419.9,22.1,79.1,255.2,239.7,15.5,297.9,697.2,686.4,311,282.8,91.5,1.1,10.9
"Perlis",1984,64.8,61.8,3,40,44.5,43.5,1,6.4,20.3,18.3,1.9,33.6,64.8,63.8,49.1,11.1,1.4,2.2,0.9
"Sabah",1984,425.9,400.3,25.6,194.4,298.8,282.1,16.7,30.1,127.1,118.2,8.9,164.3,425.9,312.9,239.5,70.4,2.4,0.6,113.1
"Sarawak",1984,616.7,575.3,41.5,216.9,373.9,353.4,20.5,40.4,242.8,221.9,20.9,176.5,616.7,611.5,435.1,171.1,4.2,1,5.3
"Selangor",1984,718.8,690.3,28.5,380.9,476.6,459.8,16.8,79.8,242.2,230.5,11.7,301.1,718.8,705.5,315.9,252.4,115.8,21.3,13.3
"Terengganu",1984,219.3,204.4,14.9,129.7,149.9,141.8,8.1,25.5,69.4,62.7,6.8,104.2,219.3,213.1,200.2,12,0.8,0.1,6.2
"W.P Kuala Lumpur",1984,504.5,485.4,19.2,253.7,333.6,321.9,11.7,61.1,170.9,163.5,7.4,192.6,504.5,493.8,162,263,66.8,2,10.7
"W.P Labuan",1984,17.3,16,1.3,8.7,13.7,12.7,1,1.2,3.6,3.3,0.3,7.5,17.3,12.9,8.6,4,0.2,0.1,4.4
"Johor",1985,710.4,672.7,37.6,354.7,466.4,444.7,21.7,70.9,243.9,228,15.9,283.8,710.4,688.1,231,281.4,57.9,117.7,22.3
"Kedah",1985,445.4,413.8,31.5,276,283.8,269.2,14.6,64.4,161.6,144.6,17,211.6,445.4,443.5,321.2,82.5,34.6,5.2,1.9
"Kelantan",1985,344.3,323.6,20.7,212.9,212.8,198.7,14.1,54.9,131.5,124.9,6.6,158,344.3,335.1,306.3,20.5,3,5.3,9.2
"Malaysia",1985,5990.1,5653.4,336.8,3124.9,3896.7,3700.5,196.1,657.7,2093.5,1952.8,140.6,2467.3,5990.1,5769.5,3100.5,1952.1,519.6,197.3,220.6
"Melaka",1985,180,170.1,9.9,105.9,114.223,108.615,5.608,23.919,65.804,61.497,4.307,82.009,180,176.3,81.6,74.5,15.2,5,3.7
"N. Sembilan",1985,221.1,210.8,10.3,135.2,139.9,133.3,6.6,33.6,81.2,77.5,3.7,101.6,221.1,219.5,93.1,78.5,45.9,2,1.6
"P. Pinang",1985,408.5,388.1,20.4,258.4,273.415,259.932,13.483,52.669,135.1,128.2,7,205.8,408.5,404,131.9,223.1,47.6,1.5,4.5
"Pahang",1985,342.7,327.8,14.8,166.5,236.5,227.8,8.7,28.8,106.2,100.1,6.1,137.7,342.7,329.9,211.3,91.8,26.2,0.6,12.8
"Perak",1985,713.1,669.6,43.5,390.9,450.7,423.4,27.3,83.3,262.4,246.2,16.2,307.6,713.1,703.6,321.7,283.4,97.5,1,9.5
"Perlis",1985,65.5,60.5,4.9,33.8,44.7,43,1.7,6.1,20.8,17.6,3.2,27.6,65.5,64.5,50.1,11.4,1.9,1,1
"Sabah",1985,431,403.4,27.7,199.5,301.3,283,18.3,32.6,129.7,120.3,9.3,166.9,431,318.5,209.8,73,2.1,33.7,112.5
"Sarawak",1985,632.7,587.5,45.2,214.1,380.9,359.6,21.4,40.4,251.8,228,23.8,173.8,632.7,625.2,438.5,180.8,3.4,2.4,7.6
"Selangor",1985,740.6,706.1,34.5,393.1,489.9,468.1,21.9,80.2,250.7,238,12.6,312.8,740.6,729,328.1,264.6,116.9,19.4,11.6
"Terengganu",1985,228.9,212.4,16.4,128.1,151.5,142.9,8.6,25.9,77.4,69.6,7.8,102.2,228.9,223.9,210.2,12.8,0.8,0,5
"W.P Kuala Lumpur",1985,509.7,491.7,18,247.3,337.6,326.3,11.3,58.9,172.1,165.4,6.6,188.4,509.7,496.2,158,270.5,66.3,1.5,13.5
"W.P Labuan",1985,16.3,15,1.3,8.6,12.9,12.1,0.8,1.1,3.4,3,0.4,7.5,16.3,12.3,7.8,3.4,0.2,0.9,4
"Johor",1986,751.2,700.4,50.8,367.8,487.6,458.8,28.8,72.6,263.6,241.6,22,295.2,751.2,729.3,317,284.7,61,66.6,22
"Kedah",1986,455,418,37.1,296.2,301.2,281.1,20.1,60.4,153.8,136.8,16.9,235.8,455,451.6,321.1,89.1,36.1,5.2,3.4
"Kelantan",1986,365.1,340.2,24.9,221.2,228.3,212.3,16,58.5,136.8,127.9,8.9,162.7,365.1,353.6,318.8,23.3,4.5,7,11.5
"Malaysia",1986,6222.1,5760.1,461.9,3188.3,4037.7,3753.5,284.2,666,2184.3,2006.6,177.7,2522.3,6222.1,6010.4,3308.7,2037.3,529,135.5,211.7
"Melaka",1986,187.7,169.8,17.9,113.1,115.587,104.829,10.758,26.989,72.07,64.975,7.095,86.122,187.7,184.8,95.3,70.3,18.1,1.2,2.9
"N. Sembilan",1986,229.5,213.5,16,134,148.2,137.8,10.4,32,81.2,75.7,5.6,101.9,229.5,226.9,103.8,74.9,47.3,0.9,2.6
"P. Pinang",1986,427.2,391.4,35.8,255.3,284.69,260.205,24.485,50.7,142.5,131.2,11.3,204.6,427.2,423.6,134.2,239.8,47.9,1.7,3.6
"Pahang",1986,331.6,315.4,16.2,165.3,227.7,217.5,10.2,29.4,103.9,97.9,6,135.8,331.6,323.5,204.8,92,26.4,0.3,8.1
"Perak",1986,734.2,669.9,64.2,390.8,463.3,421.1,42.2,84.6,270.9,248.8,22.1,306.2,734.2,725.5,329.1,290.4,101.1,4.8,8.6
"Perlis",1986,62.6,57.6,5,37.3,42.1,39.8,2.3,6.9,20.5,17.8,2.7,30.5,62.6,61.9,47.2,11.5,1.7,1.5,0.7
"Sabah",1986,441.6,405.5,36.1,214.4,314.6,288.2,26.5,32.6,126.9,117.3,9.6,181.8,441.6,342.4,231.5,72.8,1.8,36.4,99.1
"Sarawak",1986,674.8,614.3,60.4,205.7,399.3,370.7,28.6,39,275.4,243.6,31.8,166.7,674.8,667,465.7,193.6,3.4,4.3,7.7
"Selangor",1986,823.7,777.1,46.7,411.3,543.5,512.2,31.3,86.9,280.2,264.8,15.4,324.4,823.7,802.1,365.4,311.7,121.6,3.4,21.6
"Terengganu",1986,241.4,218.4,23,124.7,155.1,141.3,13.8,27,86.3,77.1,9.2,97.7,241.4,235.5,221.8,12.3,1,0.4,5.9
"W.P Kuala Lumpur",1986,481.3,455,26.3,243.5,314.8,297.1,17.8,57.5,166.5,158,8.5,186,481.3,471.1,145.7,267.3,57,1,10.2
"W.P Labuan",1986,15.3,13.6,1.7,7.8,11.6,10.5,1.1,1.1,3.6,3.1,0.5,6.7,15.3,11.8,7.2,3.6,0.2,0.7,3.5
"Johor",1987,781.8,732.7,49.1,380.1,506.4,478.2,28.2,77.3,275.5,254.6,20.9,302.7,781.8,754.9,379.8,280.1,51.2,43.8,27
"Kedah",1987,456.5,420.1,36.4,291.3,302.5,282.1,20.4,64.1,154,138,16,227.1,456.5,453.6,323.1,85.1,37.7,7.8,2.9
"Kelantan",1987,375,350.5,24.5,217.8,230.2,214.1,16.1,55.5,144.8,136.4,8.4,162.3,375,364.1,326.1,26.9,1.3,9.8,10.8
"Malaysia",1987,6456.8,5983.9,472.9,3246.1,4151.3,3868,283.3,697.3,2305.5,2115.9,189.6,2548.9,6456.8,6235.7,3475.4,2103,542.4,115,221.1
"Melaka",1987,192.1,176.7,15.4,117,119.279,110.247,9.032,26.947,72.834,66.471,6.363,90.098,192.1,190.5,99.7,75.1,15,0.7,1.6
"N. Sembilan",1987,240,221.7,18.3,142.2,155.3,144.3,11,31.4,84.7,77.5,7.3,110.8,240,238.2,126,72.7,38.9,0.6,1.8
"P. Pinang",1987,432.8,404.8,28,268.3,283.835,263.379,20.456,61.842,149,141.5,7.6,206.4,432.8,430.6,139.9,239.7,50.3,0.7,2.2
"Pahang",1987,354.1,335.9,18.2,172.8,239.3,228.9,10.5,32.6,114.7,107,7.7,140.2,354.1,343.5,228.2,92.3,22.9,0.1,10.5
"Perak",1987,728.8,670.5,58.3,383,457.4,417.9,39.5,83.2,271.3,252.6,18.8,299.7,728.8,719.4,308,302.7,107.4,1.2,9.4
"Perlis",1987,64.9,60.6,4.3,41.2,46,43.3,2.8,7.5,18.8,17.3,1.5,33.8,64.9,63.9,52.1,9.6,1.7,0.5,1
"Sabah",1987,466.5,424.3,42.2,215,324.6,300.1,24.5,35.5,141.9,124.2,17.7,179.5,466.5,363.5,242.9,77.8,2,40.7,103
"Sarawak",1987,712.2,642,70.1,198.9,420,391.8,28.2,34.2,292.2,250.2,42,164.8,712.2,707.7,490.3,205.8,5.7,5.9,4.5
"Selangor",1987,916.6,865,51.6,454.4,595.6,558.7,37,103,321,306.3,14.6,351.5,916.6,891.4,384.8,352.9,152.7,1.1,25.2
"Terengganu",1987,236.5,208.9,27.6,117.1,151.4,136,15.4,24.4,85.1,73,12.1,92.6,236.5,229.7,216.8,11.5,0.7,0.6,6.8
"W.P Kuala Lumpur",1987,485.5,457.9,27.6,239.6,309,289.6,19.4,58.8,176.5,168.2,8.2,180.9,485.5,474.5,151.3,267.9,54.6,0.6,11
"W.P Labuan",1987,13.6,12.3,1.3,7.4,10.5,9.4,1,0.9,3.2,2.9,0.3,6.5,13.6,10.2,6.4,2.8,0.3,0.8,3.4
"Johor",1988,837,792,45.1,396.5,548.8,521.7,27.1,79,288.2,270.2,18,317.5,837,796.1,401.9,293,46,55.1,40.9
"Kedah",1988,496.1,459.3,36.9,295.8,317.7,298,19.7,60,178.4,161.3,17.1,235.8,496.1,491.2,359.3,87.8,38.1,6.1,4.9
"Kelantan",1988,393.9,363.4,30.5,191.2,236.7,216.8,20,50.9,157.2,146.7,10.6,140.3,393.9,382.4,342.7,27.7,1,11,11.6
"Malaysia",1988,6637,6157.2,479.8,3301.5,4268.7,3984,284.7,700.6,2368.4,2173.2,195.1,2600.9,6637,6389.8,3562.2,2135.1,564.2,128.3,247.2
"Melaka",1988,190.9,175.4,15.5,115.4,119.607,109.775,9.832,27.868,71.312,65.619,5.693,87.516,190.9,186.9,85,80.6,19.3,1.9,4
"N. Sembilan",1988,242.5,228,14.5,126.3,157,148.3,8.7,28.4,85.5,79.7,5.8,97.9,242.5,240.4,117.3,79.9,42.1,1.1,2
"P. Pinang",1988,427.8,398.9,28.9,260.6,283.271,264.201,19.07,60.935,144.5,134.7,9.8,199.7,427.8,424.2,134.1,241.7,45.6,2.9,3.6
"Pahang",1988,374.8,351.5,23.4,186,255.9,241.6,14.2,31.4,119,109.8,9.1,154.5,374.8,362.8,242.2,96.4,23.7,0.5,12
"Perak",1988,715,656.7,58.3,399.2,454.3,417.4,36.8,85.5,260.7,239.3,21.4,313.7,715,706.6,311.7,300.4,93.9,0.5,8.4
"Perlis",1988,70.9,65.5,5.4,49.9,51.2,48,3.2,7.1,19.7,17.5,2.2,42.8,70.9,70.8,59.8,8.5,2.4,0.1,0.1
"Sabah",1988,462.6,424.6,37.9,241.8,331,305.2,25.8,40.7,131.6,119.4,12.2,201.1,462.6,362.7,243.6,77.6,2.6,39,99.8
"Sarawak",1988,710.3,637.1,73.2,201.4,415,385.9,29,38.3,295.4,251.2,44.2,163.1,710.3,700.6,484.5,204.5,5.6,6.1,9.7
"Selangor",1988,949,893.1,55.9,474.9,614.1,575.7,38.4,103.3,334.9,317.4,17.5,371.6,949,928.9,390.2,348.5,187.8,2.3,20.1
"Terengganu",1988,253.6,229.8,23.8,112.5,157.4,146.2,11.2,27.9,96.3,83.7,12.6,84.5,253.6,241.3,224.7,15.8,0.8,0,12.3
"W.P Kuala Lumpur",1988,498.7,469.6,29.2,242.2,316.2,295.6,20.5,58.1,182.6,173.9,8.6,184.1,498.7,483.9,158.1,269.6,55.1,1,14.8
"W.P Labuan",1988,13.8,12.3,1.5,7.9,10.7,9.6,1.1,1.1,3.1,2.7,0.4,6.8,13.8,10.9,7.1,2.9,0.2,0.7,2.9
"Johor",1989,861.8,822.3,39.5,439.4,567.6,542.8,24.9,86.8,294.1,279.5,14.6,352.5,861.8,827.6,367.3,336.8,55.1,68.4,34.2
"Kedah",1989,470,443.3,26.8,288.7,310.9,295.3,15.6,64.6,159.2,148,11.2,224.1,470,467.8,337.7,87.6,35,7.5,2.3
"Kelantan",1989,388.3,363.8,24.5,223.5,240,223.8,16.2,58.4,148.3,140,8.3,165.1,388.3,378.4,344.1,27.1,2.3,4.9,10
"Malaysia",1989,6779.4,6390.9,388.5,3463.5,4389.1,4155.3,233.7,737.5,2390.3,2235.5,154.8,2726,6779.4,6540.3,3640.3,2171.4,578.5,150.1,239
"Melaka",1989,197.8,185.9,11.9,113,120.136,113.674,6.462,24.459,77.63,72.197,5.433,88.528,197.8,195.1,96.7,76.3,19.4,2.7,2.6
"N. Sembilan",1989,241,229.3,11.8,125,152.3,145.2,7.1,29.6,88.8,84.1,4.6,95.4,241,236.3,106.7,82.7,45.3,1.6,4.7
"P. Pinang",1989,453.9,436.3,17.6,252.3,292.842,279.493,13.349,57.952,161,156.8,4.3,194.3,453.9,450.2,140.4,254.5,53.1,2.2,3.7
"Pahang",1989,393.8,379.1,14.7,210.5,275.9,267.2,8.7,36,117.9,111.9,6,174.5,393.8,381.4,268,89.6,22.9,0.8,12.4
"Perak",1989,726.5,686.7,39.7,425.2,460.4,434.1,26.2,98.1,266.1,252.6,13.5,327.1,726.5,719.2,307.3,306.1,105.3,0.5,7.3
"Perlis",1989,70.9,66.3,4.5,46.1,49.5,46.8,2.8,9.7,21.3,19.6,1.8,36.4,70.9,69.9,56.8,9.9,1.8,1.5,0.9
"Sabah",1989,477.5,442.3,35.2,249.6,340.3,316.8,23.5,42.8,137.2,125.5,11.7,206.8,477.5,368.9,240.8,77.9,2.2,47.9,108.6
"Sarawak",1989,760,687.2,72.8,216.9,449.4,419.1,30.3,37.9,310.6,268.1,42.5,178.9,760,754.4,534.6,208.1,4.3,7.5,5.6
"Selangor",1989,936.8,900.3,36.5,478,604.1,578,26,105,332.7,322.2,10.5,373,936.8,918.2,428.2,328.5,158.9,2.7,18.5
"Terengganu",1989,262.1,229.9,32.2,123.1,174.8,157.3,17.5,23.9,87.3,72.7,14.7,99.3,262.1,249.5,232.4,15.8,1.2,0.1,12.6
"W.P Kuala Lumpur",1989,524.3,504.7,19.6,263.1,339.6,325.4,14.2,60.9,184.7,179.3,5.4,202.3,524.3,511.8,171.5,267.7,71.5,1.1,12.5
"W.P Labuan",1989,14.7,13.4,1.3,9.1,11.3,10.4,0.9,1.3,3.3,3,0.4,7.8,14.7,11.6,7.7,2.9,0.2,0.8,3
"Johor",1990,949.1,914.1,35.1,449.6,610,589.4,20.7,87.6,339.1,324.7,14.4,362,949.1,911.5,389.4,374.6,57.2,90.3,37.7
"Kedah",1990,489.3,467.6,21.6,301,326.5,314.6,11.9,63.8,162.8,153.1,9.7,237.3,489.3,487.6,346.1,90,47.4,4.1,1.7
"Kelantan",1990,390.7,377.7,13.1,220.1,236.1,228.5,7.6,60,154.7,149.2,5.5,160.1,390.7,379.6,346.1,24.9,1.8,6.8,11.1
"Malaysia",1990,7000.2,6685,315.2,3519.7,4489.8,4310.7,179.1,775.1,2510.3,2374.3,136.1,2744.6,7000.2,6751.1,3748.6,2237.7,594.7,170.1,249.1
"Melaka",1990,187.8,180,7.8,106.7,114.73,110.97,3.76,26.345,73.114,69.074,4.04,80.348,187.8,184.3,99,64.3,15.1,5.8,3.6
"N. Sembilan",1990,224.5,216,8.5,124.5,139.8,134.9,4.8,30.6,84.7,81,3.7,93.9,224.5,221.5,108,69.3,42.3,2,3
"P. Pinang",1990,470.3,457.2,13.1,239.9,292.79,285.827,6.963,56.941,177.5,171.4,6.1,182.9,470.3,468,147.2,261.1,57.6,2.1,2.3
"Pahang",1990,442.5,428.8,13.7,245.3,305.6,298.7,6.9,41.9,136.9,130.1,6.8,203.4,442.5,427.5,308.9,89.7,28.5,0.5,15
"Perak",1990,706.8,678.2,28.6,403.7,441.5,424.3,17.2,89.7,265.3,253.9,11.4,314,706.8,694.5,298.8,292.8,102.6,0.3,12.3
"Perlis",1990,59.7,57.1,2.5,42.2,42.4,40.6,1.8,8.9,17.3,16.5,0.8,33.3,59.7,58.8,50.5,7,1.1,0.3,0.9
"Sabah",1990,479.9,436.9,43,270.7,345.3,315.6,29.7,49.9,134.6,121.2,13.4,220.8,479.9,374.4,242.8,80.9,1.6,49,105.5
"Sarawak",1990,775.4,698.9,76.5,227.1,453.9,417.7,36.2,46.9,321.5,281.2,40.3,180.2,775.4,768.4,541.9,213.5,7.1,5.8,7
"Selangor",1990,1060,1039.4,20.6,514.9,688.8,674.7,14.1,123.3,371.2,364.7,6.5,391.6,1060,1032.6,482.3,379.9,168.6,1.8,27.4
"Terengganu",1990,244.6,227.6,16.9,117.5,157.3,148.5,8.8,26.5,87.2,79.1,8.1,91,244.6,237.6,224.5,11.4,1.1,0.7,6.9
"W.P Kuala Lumpur",1990,503.9,490.7,13.2,247.2,322.4,314.4,8,62.3,181.5,176.3,5.2,184.9,503.9,492.5,155.7,274.4,61.9,0.4,11.4
"W.P Labuan",1990,15.7,14.8,0.9,9.3,12.6,11.9,0.7,0.4,3.1,2.9,0.2,8.9,15.7,12.3,7.5,3.7,0.9,0.2,3.4
"Johor",1992,947.1,926,21.1,454,617.8,604.6,13.2,98.1,329.3,321.4,7.9,356,947.1,897.9,382.6,381,69.7,64.7,49.1
"Kedah",1992,514,495,19,305.6,333.4,322,11.4,66.5,180.6,173.1,7.6,239.1,514,507.5,351.9,104.9,44.5,6.2,6.5
"Kelantan",1992,404.1,382.5,21.6,228.2,242.1,228.3,13.8,58.3,162,154.2,7.8,169.9,404.1,393.6,359.1,29.3,1.4,3.8,10.5
"Malaysia",1992,7319,7047.8,271.2,3783.6,4716.5,4554.2,162.3,841.4,2602.5,2493.6,108.9,2942.2,7319,6963.6,3881.6,2305.3,616.6,160.2,355.4
"Melaka",1992,214.4,207.4,7.1,116,132.082,128.208,3.874,26.674,82.347,79.156,3.191,89.295,214.4,208,105.2,79,20.1,3.6,6.4
"N. Sembilan",1992,259.8,251.4,8.5,146.1,160.8,155.5,5.3,33.5,99,95.9,3.2,112.6,259.8,253.8,129.1,77.4,45.2,2.2,6
"P. Pinang",1992,521.4,512.6,8.8,293.6,330.283,324.069,6.214,70.705,191.2,188.6,2.6,222.8,521.4,515.6,188.5,266.2,60,0.9,5.9
"Pahang",1992,428.9,417,11.9,235.5,297,289.7,7.3,42,131.9,127.3,4.6,193.5,428.9,415.1,277.8,109.4,27.3,0.7,13.8
"Perak",1992,719.7,692.9,26.8,439.5,450.2,432.3,18,102.9,269.4,260.6,8.8,336.7,719.7,706.5,319.3,280,105.8,1.4,13.1
"Perlis",1992,68.8,66.9,1.9,43.5,47.8,46.6,1.2,7.1,21,20.3,0.7,36.4,68.8,67.8,54.8,10.6,0.5,1.8,1
"Sabah",1992,524.3,491.5,32.7,281,373.5,351.7,21.9,48.6,150.7,139.8,10.9,232.4,524.3,381.9,232,83.7,2.9,63.3,142.3
"Sarawak",1992,771.1,711.3,59.8,290.5,476.6,449.5,27.1,54.1,294.6,261.8,32.7,236.4,771.1,749.4,528.2,214.7,3.7,2.8,21.7
"Selangor",1992,1092.8,1069.6,23.2,524.3,707,692.7,14.2,131.1,385.8,376.9,9,393.2,1092.8,1048.3,496.1,370.5,175.2,6.5,44.5
"Terengganu",1992,267.7,252.9,14.8,143.3,174.9,164.8,10.1,32.3,92.9,88.1,4.7,110.9,267.7,261.6,245.4,14.9,1.2,0.2,6.1
"W.P Kuala Lumpur",1992,569.6,555.8,13.7,273.3,361.6,353,8.6,68.4,207.9,202.8,5.1,204.8,569.6,545.7,205.4,280.7,58.9,0.6,23.9
"W.P Labuan",1992,15.4,14.9,0.5,9.5,11.5,11.3,0.3,1.2,3.8,3.6,0.2,8.2,15.4,10.7,6.2,2.9,0.1,1.4,4.7
"Johor",1993,1003,974.3,28.7,425.6,643.1,625.7,17.4,85.3,360,348.6,11.3,340.3,1003,920.5,403.6,344.8,68.1,104.1,82.5
"Kedah",1993,492.8,475.1,17.8,294.9,332.3,322,10.2,51.9,160.6,153,7.5,243,492.8,480.1,346.2,85.7,42.1,6.1,12.7
"Kelantan",1993,413.7,394.4,19.3,256.1,259.6,250,9.6,61.2,154.1,144.4,9.7,194.9,413.7,404.5,380,20.9,2.6,1,9.2
"Malaysia",1993,7700.1,7383.4,316.8,3874.9,5043.3,4853.8,189.5,820.6,2656.9,2529.6,127.3,3054.4,7700.1,7249.5,4242.5,2182.9,605.5,218.6,450.6
"Melaka",1993,225.6,218.5,7.1,111.4,143.945,139.962,3.983,25.903,81.639,78.503,3.136,85.484,225.6,217.5,118.8,74.3,23.4,1,8.1
"N. Sembilan",1993,292.6,284.4,8.3,144,172.1,165.4,6.7,38.4,120.6,119,1.6,105.6,292.6,287.9,161.6,74.6,50.6,1.1,4.7
"P. Pinang",1993,543.1,531,12.1,292.5,356.02,347.518,8.502,62.666,187.1,183.5,3.6,229.9,543.1,539.9,249.6,244.6,43.8,1.8,3.2
"Pahang",1993,393.2,378.7,14.6,231.4,271.1,264,7.1,46.5,122.2,114.7,7.5,184.9,393.2,374.7,262.4,89.2,22.8,0.3,18.5
"Perak",1993,699.6,669.8,29.8,432.9,455.2,435.6,19.6,91.8,244.4,234.1,10.2,341.2,699.6,676,297.6,268.4,105.6,4.3,23.6
"Perlis",1993,71.7,70.7,1,50.2,51.6,50.9,0.7,7.5,20.1,19.8,0.3,42.7,71.7,71,57.1,8.4,0.6,4.9,0.7
"Sabah",1993,725.3,674,51.3,389,527.8,495.3,32.5,67.7,197.5,178.7,18.8,321.3,725.3,558.5,376.1,96.1,4.7,81.6,166.8
"Sarawak",1993,810.2,753.8,56.4,272.8,506.6,479.1,27.5,50.5,303.6,274.7,29,222.4,810.2,782.1,547.1,227.6,2.7,4.7,28.1
"Selangor",1993,1110.1,1080.1,29.9,539,714.1,696.1,18,123.5,395.9,384,11.9,415.5,1110.1,1051.1,522.6,350.1,174.5,3.9,58.9
"Terengganu",1993,302.1,280.9,21.3,165.2,207,190.6,16.4,37,95.1,90.3,4.8,128.2,302.1,297.8,279.4,17.5,0.9,0,4.3
"W.P Kuala Lumpur",1993,598.6,580.5,18.1,256.3,388,377.6,10.5,68.3,210.5,202.9,7.6,187.9,598.6,571.9,230.1,276.6,62,3.1,26.7
"W.P Labuan",1993,18.4,17.3,1.1,13.7,14.8,14,0.9,2.4,3.6,3.3,0.2,11.2,18.4,15.9,10.1,4,1,0.8,2.5
"Johor",1995,915.4,891.8,23.6,496.3,609.6,595.6,14,104,305.8,296.2,9.6,392.3,915.4,879.8,474,332.9,57.3,15.7,35.6
"Kedah",1995,531.7,521.1,10.6,335.3,352.3,345.4,6.9,73.9,179.4,175.7,3.7,261.4,531.7,522.3,355.1,89.5,40.1,37.5,9.4
"Kelantan",1995,427.6,412.7,15,250.6,260.9,251.6,9.2,66.4,166.8,161,5.8,184.2,427.6,416,380.7,22.2,1.5,11.6,11.7
"Malaysia",1995,7893.1,7645,248.1,4297.7,5203.1,5056.6,146.5,967,2690,2588.4,101.6,3330.7,7893.1,7404.1,4351.1,2204.2,613.1,235.7,488.9
"Melaka",1995,227.9,222.8,5.1,142.2,150.703,147.293,3.41,32.647,77.226,75.487,1.739,109.586,227.9,218.2,115.2,79.4,14.7,8.9,9.8
"N. Sembilan",1995,305.6,296.2,9.4,172.6,195.5,188.6,6.9,42.5,110.1,107.5,2.6,130.1,305.6,294,145.2,86.1,50.1,12.5,11.6
"P. Pinang",1995,492.7,485.8,6.9,287.9,318.459,313.857,4.602,70.578,174.3,172,2.3,217.3,492.7,482.5,193.6,221,62.2,5.7,10.2
"Pahang",1995,385.1,371.4,13.7,246.9,280.2,272.3,8,51.4,104.9,99.1,5.7,195.5,385.1,362.8,242.2,78.8,25.9,15.9,22.3
"Perak",1995,659.9,634.3,25.6,474.1,436.7,421.5,15.2,104.7,223.2,212.8,10.4,369.4,659.9,651.9,306.9,239.1,98.5,7.4,8.1
"Perlis",1995,71.8,70.8,1,50.1,50.9,50.3,0.6,9.3,20.9,20.5,0.4,40.9,71.8,70.7,51.4,6.8,1.2,11.3,1.1
"Sabah",1995,764.7,722.7,42,394.9,547.2,521.6,25.5,67.6,217.6,201.1,16.5,327.3,764.7,530.8,370.7,103.1,0.9,56.1,234
"Sarawak",1995,828.6,789.2,39.5,313.7,525.2,506.7,18.6,62.5,303.4,282.5,20.9,251.2,828.6,813.9,579,227.4,2.8,4.7,14.7
"Selangor",1995,1366,1338.9,27.1,640.7,874.9,858.3,16.5,162.6,491.1,480.5,10.6,478.2,1366,1295.5,634.9,437.4,189.3,33.9,70.4
"Terengganu",1995,284.9,268,16.9,172.3,192.5,182.4,10.1,38.5,92.4,85.6,6.9,133.8,284.9,280.7,265.9,10.4,0.6,3.8,4.2
"W.P Kuala Lumpur",1995,598.4,588.4,10.1,301.2,381.1,375.2,5.9,78.1,217.3,213.2,4.1,223,598.4,562.2,217.1,268.1,67.8,9.2,36.3
"W.P Labuan",1995,32.6,31.1,1.5,18.9,27,25.8,1.2,2.2,5.6,5.3,0.3,16.7,32.6,22.9,19.1,2.1,0.2,1.4,9.7
"Johor",1996,1018.4,996.7,21.7,508.3,686.1,670.5,15.6,108.9,332.3,326.2,6.2,399.5,1018.4,905.3,489.2,338.2,69.4,8.5,113.1
"Kedah",1996,549.8,535.9,13.8,361.6,362.5,352.8,9.7,83.6,187.3,183.2,4.1,278.1,549.8,542.6,362.3,95.2,45.1,40.1,7.1
"Kelantan",1996,460.8,445.5,15.3,265.9,276.2,266.4,9.8,67.7,184.6,179.1,5.5,198.2,460.8,446.1,385.9,23.5,1.7,35,14.7
"Malaysia",1996,8616,8399.3,216.8,4379,5653.9,5514.2,139.6,1006.1,2962.1,2885,77.1,3372.9,8616,7702.5,4544.7,2272.4,636.1,249.4,913.5
"Melaka",1996,240.6,237,3.7,128.7,155.998,153.454,2.544,30.047,84.651,83.527,1.124,98.636,240.6,230.4,123.6,85.5,16.4,5,10.2
"N. Sembilan",1996,327.5,319.3,8.2,162,209.2,202.9,6.3,40.3,118.4,116.4,1.9,121.7,327.5,301.8,156.6,90.8,48.9,5.5,25.7
"P. Pinang",1996,452.4,449.4,3,294.3,302.757,300.61,2.147,69.175,149.7,148.8,0.8,225.1,452.4,433.4,177.3,195.1,54,7,19.1
"Pahang",1996,417,406.2,10.9,259.2,301.6,296,5.6,53.9,115.4,110.2,5.3,205.3,417,385.5,269.6,79.1,18.7,18.1,31.6
"Perak",1996,746.9,723,23.8,443.3,477.6,462.7,14.9,101.3,269.3,260.4,8.9,342,746.9,726.4,346,258.8,106.9,14.8,20.5
"Perlis",1996,71.5,70.1,1.4,47.4,49.4,48.5,0.9,9.4,22.1,21.6,0.6,38,71.5,71.1,56.4,6.9,0.8,7,0.5
"Sabah",1996,1032.3,992.5,39.8,467,732.5,705.4,27.1,82,299.7,287.1,12.7,384.9,1032.3,628.9,445.4,118.4,1.4,63.7,403.3
"Sarawak",1996,869.5,831.5,37.9,312.9,548.5,527.2,21.2,64.5,321,304.3,16.7,248.4,869.5,832.1,591.2,232.7,2,6.2,37.4
"Selangor",1996,1371.1,1359,12.1,619.5,882.2,874.5,7.7,163.8,488.9,484.6,4.3,455.7,1371.1,1235.5,609,415.9,184.4,26.2,135.6
"Terengganu",1996,308.1,298,10.1,164.8,200.1,193.6,6.5,36.7,108,104.4,3.7,128.1,308.1,293.2,278,10.4,1.1,3.7,14.9
"W.P Kuala Lumpur",1996,710.8,697.8,13,323.2,439.3,431.1,8.2,93,271.5,266.7,4.8,230.2,710.8,646.4,234.6,318.6,85.1,8.1,64.3
"W.P Labuan",1996,39.4,37.4,2,20.9,30.1,28.7,1.4,1.9,9.3,8.7,0.6,19,39.4,23.8,19.8,3.3,0.1,0.6,15.6
"Johor",1997,1076.9,1058.4,18.6,516.3,725.1,713.3,11.7,115.8,351.9,345,6.8,400.5,1076.9,966.9,525.9,352.4,81,7.5,110
"Kedah",1997,616.6,601.3,15.3,378.6,405.6,397.7,7.9,88.7,211,203.6,7.4,289.9,616.6,606.4,409.8,89.3,45.7,61.7,10.2
"Kelantan",1997,429.3,413.7,15.6,276.2,262.8,254.7,8.1,73,166.5,158.9,7.5,203.2,429.3,413.2,374,20.7,0.8,17.7,16.1
"Malaysia",1997,8784,8569.2,214.9,4605.1,5787.3,5657.7,129.6,1080.8,2996.7,2911.5,85.3,3524.3,8784,7825.1,4634.4,2303.1,635,252.5,959
"Melaka",1997,261.5,257.1,4.4,133.4,166.055,163.462,2.593,33.367,95.494,93.667,1.827,100.002,261.5,243.2,132.8,77.5,19.6,13.4,18.4
"N. Sembilan",1997,315.7,307.6,8.1,170.3,202.5,196.9,5.6,43.7,113.2,110.7,2.6,126.6,315.7,293.1,145.4,94.2,49,4.5,22.6
"P. Pinang",1997,558,552,6,259.8,344.235,341.176,3.059,65.695,213.7,210.8,2.9,194.1,558,517.4,210.3,242.2,56.8,8.1,40.6
"Pahang",1997,407.6,395.4,12.2,263.9,290.2,283.2,7,58.8,117.4,112.2,5.2,205.1,407.6,377.4,272.7,74.6,17.4,12.8,30.2
"Perak",1997,760.6,744.2,16.4,490.8,494.6,485.3,9.4,112.5,265.9,258.9,7,378.3,760.6,731.6,363,247,110.7,10.9,29
"Perlis",1997,71.8,70.1,1.7,48.4,48.7,47.8,0.9,11.1,23.1,22.3,0.8,37.4,71.8,71.1,55.8,10.1,0.8,4.5,0.7
"Sabah",1997,1048.5,1000.1,48.5,545.7,765.2,732.4,32.8,99.1,283.4,267.7,15.7,446.7,1048.5,631.6,442.8,120.2,2.5,66.1,417
"Sarawak",1997,864.9,831.5,33.4,346.3,556.1,537.6,18.5,71.3,308.8,293.9,14.9,274.9,864.9,824.5,588.4,228.2,1.6,6.4,40.4
"Selangor",1997,1343,1329.9,13.2,657.3,870.9,862,9,177.9,472.1,467.9,4.2,479.4,1343,1224.8,593.5,416.4,188.7,26.2,118.2
"Terengganu",1997,292.9,282.3,10.6,178.5,201.9,194.7,7.3,40,90.9,87.6,3.3,138.6,292.9,275.7,257.2,15.4,0.6,2.5,17.2
"W.P Kuala Lumpur",1997,700.7,691,9.7,321,425.3,420.2,5.1,86.8,275.4,270.8,4.6,234.1,700.7,622.4,244.8,309.9,59.8,7.9,78.3
"W.P Labuan",1997,35.9,34.7,1.2,18.5,28.1,27.3,0.7,3.1,7.9,7.4,0.5,15.4,35.9,25.9,18.1,5.2,0.2,2.4,10.1
"Johor",1998,1044.3,1027,17.3,565.9,728,717,11,130.1,316.3,310,6.2,435.8,1044.3,927.2,509,342,68.9,7.3,117.1
"Kedah",1998,587.1,567.3,19.8,372,387,373.2,13.9,83.3,200.1,194.2,5.9,288.8,587.1,568.8,399.6,89,37.8,42.5,18.3
"Kelantan",1998,449.1,430.7,18.3,281.4,272.8,260.7,12.1,73.8,176.3,170,6.3,207.7,449.1,432.6,374.4,26,0.9,31.3,16.4
"Malaysia",1998,8883.6,8599.6,284,4934,5904.2,5718.9,185.3,1196.8,2979.4,2880.7,98.7,3737.2,8883.6,7869.1,4672.3,2297.8,637.1,261.9,1014.5
"Melaka",1998,248.6,242.4,6.2,152.7,163.157,159.457,3.7,43.926,85.445,82.934,2.511,108.767,248.6,233.6,118,82.1,17,16.5,15
"N. Sembilan",1998,315.7,304.4,11.3,171.4,204.2,196.4,7.8,44.1,111.5,107.9,3.6,127.4,315.7,293.6,155.3,82.6,55.3,0.4,22.1
"P. Pinang",1998,599.3,585.2,14.1,278.8,370.042,361.529,8.513,71.765,229.2,223.7,5.5,207,599.3,551.7,201.4,274.4,64.4,11.5,47.6
"Pahang",1998,374.8,364.9,9.9,287.3,279.3,272.1,7.1,63.1,95.5,92.8,2.8,224.2,374.8,351.9,257,74.3,18.5,2,22.9
"Perak",1998,712.7,685,27.8,463,461.4,443.7,17.7,114,251.3,241.3,10.1,349,712.7,684.3,347.1,218,103.8,15.3,28.4
"Perlis",1998,74.2,71,3.2,53.7,51.7,49.9,1.9,12.1,22.5,21.1,1.3,41.6,74.2,72.8,53,10.6,0.8,8.4,1.4
"Sabah",1998,1123.7,1068.3,55.4,580.4,825,785.3,39.7,105.5,298.6,283,15.7,474.9,1123.7,689.7,490.7,125.5,2.6,70.9,433.9
"Sarawak",1998,868.1,824.3,43.8,373.3,560.9,535.7,25.2,83.4,307.3,288.6,18.6,289.9,868.1,824.9,586.6,229.7,1.3,7.2,43.3
"Selangor",1998,1457,1430.4,26.6,781.4,933.1,915.8,17.3,222.3,523.9,514.6,9.3,559.1,1457,1310.9,663.2,412.7,199.1,35.9,146.1
"Terengganu",1998,305.6,293.5,12.1,181.1,205.8,197.6,8.2,43,99.8,95.8,4,138.2,305.6,289.5,275.1,10.9,0.6,2.9,16.1
"W.P Kuala Lumpur",1998,685.6,668.3,17.2,371.9,433.7,423.3,10.5,103.7,251.8,245.1,6.8,268.2,685.6,611.7,223.8,314.3,65.8,7.8,73.9
"W.P Labuan",1998,37.9,37,0.9,19.7,28.1,27.3,0.8,3,9.8,9.7,0.1,16.8,37.9,25.8,18,5.6,0.3,1.9,12.2
"Johor",1999,1060.4,1029,31.4,608.8,728.3,705.5,22.8,148.8,332.1,323.6,8.6,460.1,1060.4,962.6,524.7,353.2,76.1,8.7,97.8
"Kedah",1999,701.4,678.7,22.7,422.4,462.9,448.1,14.8,97.1,238.5,230.5,8,325.3,701.4,688,448.7,107.2,57,75.1,13.4
"Kelantan",1999,451.1,436.8,14.3,294.2,285.1,275.5,9.6,79.5,166.1,161.3,4.8,214.7,451.1,427.8,384.6,21,0.8,21.3,23.4
"Malaysia",1999,9151.5,8837.8,313.7,5098.4,6063.5,5851.2,212.3,1261.1,3088,2986.5,101.4,3837.4,9151.5,8080.1,4819.3,2348.1,641.4,271.3,1071.4
"Melaka",1999,247.9,243.1,4.7,149.3,159.374,155.998,3.376,38.817,88.478,87.149,1.329,110.516,247.9,227.6,131.6,74.8,16.9,4.2,20.3
"N. Sembilan",1999,285.8,274.8,11,192.6,194.2,187,7.2,51.8,91.6,87.9,3.8,140.8,285.8,261.5,140.7,74.5,46.4,0,24.3
"P. Pinang",1999,617.5,602.9,14.5,274,369.313,359.433,9.88,71.071,248.1,243.5,4.7,202.9,617.5,570.2,232,261.6,54.9,21.6,47.3
"Pahang",1999,396.2,384.4,11.8,280.7,295,287.4,7.5,62.6,101.2,97,4.2,218.1,396.2,358.7,266.2,70.6,18.8,3.1,37.4
"Perak",1999,715.4,684.5,30.9,481.4,477.6,454.7,22.9,116.5,237.8,229.8,8,364.9,715.4,685.3,345.4,228.9,97,14.1,30
"Perlis",1999,81.2,78.5,2.7,54.5,52.6,50.8,1.8,12.6,28.6,27.7,1,41.9,81.2,79.6,61.8,9.7,1.4,6.7,1.7
"Sabah",1999,1167.2,1101.8,65.4,620.5,854,807.3,46.7,115.3,313.2,294.4,18.7,505.2,1167.2,712.4,499.6,128.4,1.7,82.8,454.7
"Sarawak",1999,906.9,865,41.9,378.7,572.7,548.7,24.1,88.3,334.2,316.3,17.9,290.4,906.9,856.4,608.3,238.8,4.2,5.2,50.5
"Selangor",1999,1455,1427.2,27.9,769.9,919.7,900,19.7,217.5,535.4,527.2,8.2,522.3,1455,1320.9,640.7,465.9,196.1,18.3,134.1
"Terengganu",1999,312.3,300.1,12.2,182.4,213,204.8,8.2,46.3,99.3,95.3,4,136.1,312.3,289.6,268.8,17.1,0.7,3,22.7
"W.P Kuala Lumpur",1999,710.4,689.7,20.7,363.6,448.7,435.6,13.1,109.5,261.7,254.1,7.6,254.1,710.4,611.2,244.9,291.4,69.3,5.6,99.2
"W.P Labuan",1999,42.9,41.2,1.7,25.4,31.2,30.3,0.9,5.3,11.7,10.9,0.8,20.1,42.9,28.2,21.3,5,0.2,1.7,14.7
"Johor",2000,1222.4,1195.4,27,604.1,813.2,793.6,19.6,136.6,409.2,401.9,7.4,467.5,1222.4,1103.4,638.1,370.2,89.7,5.3,119
"Kedah",2000,645.2,626.5,18.7,391.3,416.6,404.6,12,90.3,228.7,222,6.7,301,645.2,630,464.3,104.4,49.8,11.5,15.2
"Kelantan",2000,437.2,425.7,11.5,289,273.8,266.8,7,77.3,163.4,158.9,4.5,211.7,437.2,421.1,392.3,20.8,1.5,6.5,16.1
"Malaysia",2000,9556.139,9269.23,286.909,5065.063,6156.2,5973.5,182.7,1257.1,3399.9,3295.7,104.2,3807.9,9556.1,8610.9,5325.8,2479.9,706.7,98.5,945.2
"Melaka",2000,256.9,253.5,3.4,146,163.23,160.631,2.599,37.205,93.69,92.917,0.773,108.762,256.9,235.5,141.8,77.3,13.8,2.7,21.5
"N. Sembilan",2000,359.6,347.4,12.2,207.5,231.3,223.2,8.1,57.2,128.3,124.2,4,150.2,359.6,341.6,186,94.9,60.2,0.6,18
"P. Pinang",2000,682.3,669.2,13.1,280.9,386.276,377.111,9.165,74.382,296,292.1,3.9,206.5,682.3,610.6,246.1,295.1,67.6,1.9,71.7
"Pahang",2000,459.1,446.8,12.3,279.5,319.3,311.3,8,69.8,139.8,135.5,4.3,209.6,459.1,419.1,318.4,76.7,20.1,3.9,40
"Perak",2000,771.3,744.1,27.2,481.8,501.8,485.8,16,121.6,269.5,258.3,11.2,360.2,771.3,735,383.5,239.9,109.8,1.7,36.3
"Perlis",2000,77,74.8,2.2,49.6,50.2,48.9,1.3,10.9,26.8,25.8,0.9,38.7,77,76.1,63.9,8,1.1,3.1,0.9
"Sabah",2000,991.6,933.8,57.8,545.1,689.1,653.6,35.5,108.1,302.5,280.2,22.3,437,991.6,707,552.3,113.2,0.9,40.6,284.6
"Sarawak",2000,915.7,876.3,39.5,356.5,568.3,546.4,21.9,77.5,347.4,329.8,17.6,279,915.7,865.8,621.5,241.2,0.6,2.6,49.9
"Selangor",2000,1715.3,1681.5,33.8,858.9,1077.7,1054.1,23.5,233.8,637.6,627.3,10.2,625.1,1715.3,1533.5,767.3,531.3,220,14.9,181.8
"Terengganu",2000,315.4,306,9.4,190.8,211.9,206.2,5.7,50.6,103.5,99.8,3.7,140.2,315.4,302.1,289.3,11.4,0.9,0.5,13.3
"W.P Kuala Lumpur",2000,680.4,662.8,17.6,368.3,434,422.6,11.4,108.8,246.4,240.2,6.2,259.4,680.4,610,245.6,291.7,70.6,2.1,70.5
"W.P Labuan",2000,26.7,25.4,1.3,15.8,19.5,18.7,0.9,3,7.1,6.7,0.4,12.8,26.7,20.3,15.5,3.9,0.1,0.8,6.4
"Johor",2001,1279,1235.9,43.1,666.3,843.6,815.7,27.9,165.9,435.4,420.2,15.2,500.4,1279,1153.1,657.6,400.1,91,4.4,125.9
"Kedah",2001,727.4,701.1,26.4,460.2,459.6,442.6,16.9,107.3,267.9,258.5,9.4,352.9,727.4,704.3,521.4,105.5,65.7,11.6,23.2
"Kelantan",2001,448,434.3,13.7,323.3,287.2,280.7,6.5,89,160.8,153.6,7.2,234.3,448,432.3,398.5,21.5,0.9,11.4,15.7
"Malaysia",2001,9699.406,9357.022,342.384,5239.911,6268.3,6055.9,212.3,1344,3431.1,3301.1,130.1,3895.9,9699.4,8777.7,5461,2495,728.7,92.9,921.7
"Melaka",2001,272.6,267.7,4.9,166.6,173.614,170.464,3.15,44.916,98.979,97.245,1.734,121.64,272.6,257.3,152.2,86.4,18,0.7,15.3
"N. Sembilan",2001,362.8,351.3,11.5,201.5,233.9,226.3,7.5,55.8,129,125,4,145.6,362.8,341.9,189.2,90.1,62,0.6,21
"P. Pinang",2001,733.3,714.9,18.3,295.5,439.508,429.218,10.29,80.262,293.8,285.7,8.1,215.3,733.3,662.7,274.9,313,72.7,2.1,70.6
"Pahang",2001,451.6,437.8,13.9,266.1,312.4,303.4,9,64.3,139.2,134.4,4.9,201.8,451.6,409.4,293.1,88.4,26.6,1.3,42.2
"Perak",2001,761.3,730.7,30.6,513.5,498.7,480.1,18.6,139.5,262.6,250.6,12,374,761.3,734.6,377.2,247.9,105.7,3.8,26.7
"Perlis",2001,85.9,82.9,3,60.2,57.1,55.5,1.6,13.6,28.8,27.3,1.5,46.5,85.9,84.8,70.6,9.2,1.1,3.8,1.1
"Sabah",2001,1048,979.1,69,546.7,704.1,659.5,44.5,122.7,343.9,319.5,24.4,424.1,1048,753.5,591.6,116.8,6.8,38.3,294.5
"Sarawak",2001,918,877.4,40.6,385.6,575,553.1,21.9,87.6,343,324.3,18.7,298,918,867.5,624.1,240.2,1.1,2.1,50.5
"Selangor",2001,1552.5,1514.7,37.8,764,1004.2,979,25.2,204.7,548.3,535.6,12.7,559.3,1552.5,1403,738.1,462.6,196.5,5.9,149.5
"Terengganu",2001,307.1,298.6,8.4,195.1,207.8,202.2,5.6,52,99.3,96.4,2.8,143.1,307.1,298.6,285.4,10.1,0.8,2.3,8.4
"W.P Kuala Lumpur",2001,723.2,703.7,19.5,378.5,450.4,438.1,12.3,113.5,272.8,265.6,7.2,265,723.2,652.5,270.1,298.7,79.7,4,70.7
"W.P Labuan",2001,28.7,27.2,1.5,16.9,21.2,19.9,1.3,2.9,7.5,7.2,0.3,14,28.7,22.2,17.1,4.3,0.2,0.6,6.5
"Johor",2002,1259,1222.3,36.7,628.5,817.3,794,23.3,156.5,441.8,428.3,13.5,472,1259,1137.2,694,367.1,73.8,2.3,121.9
"Kedah",2002,666.5,645.1,21.4,425.8,429.4,415.9,13.5,107.2,237.1,229.2,7.9,318.6,666.5,645.1,468.5,100.5,57.5,18.5,21.4
"Kelantan",2002,439.7,422.7,17,305.1,276.7,267.4,9.3,90.6,163.1,155.3,7.7,214.4,439.7,424.7,397.8,20.2,1.8,4.9,15
"Malaysia",2002,9886.164,9542.617,343.548,5473.756,6352.3,6141.8,210.5,1438.4,3533.9,3400.8,133.1,4035.4,9886.2,8942.4,5580.6,2525.7,747.6,88.4,943.7
"Melaka",2002,236.2,229.3,6.9,152.3,149.072,145.803,3.269,44.004,87.128,83.546,3.582,108.312,236.2,227.3,139.2,72,15.4,0.8,8.9
"N. Sembilan",2002,337.2,324.8,12.4,187.5,213.6,206.6,7,48.6,123.6,118.2,5.4,138.8,337.2,313.9,176.2,82.4,54.7,0.7,23.2
"P. Pinang",2002,657.2,643.1,14.2,303.1,397.874,389.185,8.689,77.067,259.4,253.9,5.5,226,657.2,603.8,228.5,297.6,74.4,3.4,53.4
"Pahang",2002,419,406.9,12.1,257.8,290.8,283.2,7.6,68.1,128.2,123.7,4.5,189.6,419,374,281.5,73.2,18.1,1.2,45
"Perak",2002,820.6,788.3,32.3,577.1,536.6,516.8,19.8,156.3,284,271.5,12.5,420.8,820.6,786,411.2,256.9,115.2,2.7,34.6
"Perlis",2002,58.8,57,1.8,42.6,39.5,38.5,1,9.8,19.3,18.5,0.8,32.8,58.8,57.9,47.8,6,0.7,3.5,0.9
"Sabah",2002,1093.2,1028.8,64.4,556.9,731.1,690,41.1,124,362.1,338.8,23.3,432.9,1093.2,784,615.5,120.7,21.5,26.3,309.1
"Sarawak",2002,955.8,917.7,38.1,443.3,581.5,561.6,19.9,97.1,374.3,356.1,18.2,346.2,955.8,902,661.6,237.3,0.8,2.4,53.8
"Selangor",2002,1803.2,1749.9,53.3,971.8,1168.5,1130.9,37.6,271.4,634.7,619,15.7,700.4,1803.2,1644.9,859.1,550.7,223,12.1,158.3
"Terengganu",2002,288.9,279.6,9.2,187,192.2,187.6,4.6,49.2,96.6,92,4.6,137.8,288.9,281.6,267.6,10.7,0.4,3,7.2
"W.P Kuala Lumpur",2002,816.9,794.1,22.7,417.4,503.8,490.6,13.2,134.9,313.1,303.5,9.6,282.5,816.9,732.9,312.9,326.2,88.5,5.3,84
"W.P Labuan",2002,34,32.9,1.1,17.6,24.4,23.7,0.7,3.5,9.6,9.2,0.4,14.1,34,27.1,19.3,4.4,2,1.5,6.9
"Johor",2003,1315.3,1269.1,46.2,631.2,855.1,826.2,28.9,156.7,460.2,442.9,17.3,474.5,1315.3,1178.4,695,400,79,4.4,136.9
"Kedah",2003,680.1,657.7,22.4,408.1,436.9,422.5,14.3,106.4,243.3,235.2,8.1,301.7,680.1,646.9,468.8,107.2,54.5,16.1,33.3
"Kelantan",2003,491.6,475.7,15.9,320.2,302.4,292.8,9.6,93.8,189.2,182.8,6.3,226.4,491.6,471.5,444.4,21.5,1,4.6,20.1
"Malaysia",2003,10239.577,9869.743,369.834,5458.587,6559.4,6323.6,235.8,1428.4,3680.1,3546.1,134,4030.1,10239.6,9250.3,5813.5,2577.7,761.4,97.2,989.3
"Melaka",2003,280.6,272.7,7.8,166.5,171.291,167.107,4.184,45.778,109.268,105.62,3.648,120.751,280.6,260.4,159,78.9,20.3,2.3,20.2
"N. Sembilan",2003,352.3,340,12.3,184.9,223.7,215.6,8.2,49.7,128.5,124.1,4.1,135.2,352.3,330.5,176.5,87.1,65.7,1.2,21.8
"P. Pinang",2003,686.3,674.4,12,342.3,415.44,407.528,7.912,93.803,270.9,266.8,4,248.5,686.3,640.7,244.4,323.3,69.4,3.6,45.6
"Pahang",2003,477.1,460,17.2,280.3,329.9,319,10.9,65.5,147.2,141,6.3,214.7,477.1,434.3,323.3,84.5,21.1,5.4,42.9
"Perak",2003,771.4,734.6,36.8,524.8,507.9,484.2,23.7,136.4,263.5,250.5,13,388.4,771.4,748,384.1,254.1,107.5,2.4,23.4
"Perlis",2003,80.1,76.6,3.5,55.9,52.8,50.8,2,13.4,27.3,25.8,1.5,42.5,80.1,78.3,65.2,9.1,0.9,3.1,1.8
"Sabah",2003,1134.5,1073.1,61.4,571,751.2,710.1,41.2,131.4,383.3,363,20.3,439.6,1134.5,800.9,627.3,122.7,18.1,32.5,333.6
"Sarawak",2003,946.4,909.9,36.5,419.3,596.9,574.8,22,98,349.5,335.1,14.5,321.3,946.4,892.4,642.2,246.7,1.2,2.3,54
"Selangor",2003,1895.3,1834.2,61,930.4,1206.6,1164.9,41.7,261.7,688.7,669.3,19.4,668.8,1895.3,1734.9,946.3,525.5,249.5,13.5,160.3
"Terengganu",2003,355.1,344.9,10.2,225,232.8,226.7,6.1,63.4,122.3,118.2,4.1,161.6,355.1,339.9,324,13.3,0.5,2.1,15.2
"W.P Kuala Lumpur",2003,740.3,715.1,25.2,383.9,453.5,439.4,14.1,109.8,286.8,275.7,11.1,274.1,740.3,667.5,292.5,299,72.6,3.4,72.8
"W.P Labuan",2003,33.3,31.8,1.5,14.8,23.1,22,1.1,2.5,10.3,9.9,0.4,12.3,33.3,25.8,20.4,4.8,0.2,0.3,7.5
"Johor",2004,1278.8,1232.6,46.2,650.3,837.1,808.4,28.7,164.8,441.6,424.2,17.5,485.5,1278.8,1146,625,428.1,85.6,7.4,132.7
"Kedah",2004,680.3,654.5,25.8,415.3,426.6,412.3,14.3,111.1,253.8,242.3,11.5,304.2,680.3,657.9,491.8,104.9,49,12.2,22.4
"Kelantan",2004,455.1,436.6,18.5,355.5,290.1,277.4,12.6,110.8,165,159.2,5.9,244.7,455.1,440.5,412.2,21.9,1.1,5.2,14.7
"Malaysia",2004,10346.2,9979.5,366.6,5730.5,6615.1,6390.4,224.7,1563.7,3731.1,3589.1,142,4166.9,10346.2,9349.2,5839,2651.1,756.7,102.5,996.9
"Melaka",2004,269.5,265.1,4.4,162.2,169,166.4,2.9,46.8,100.5,99,1.4,115.3,269.5,250.4,154.5,76.1,18.4,1.4,19.1
"N. Sembilan",2004,373.6,360.3,13.2,218.6,236.4,228.5,7.9,69.8,137.2,131.8,5.4,148.8,373.6,345.8,193.9,90.6,60.1,1.1,27.8
"P. Pinang",2004,636.7,625,11.7,326.8,385.8,378.6,7.2,88.8,250.9,246.4,4.5,238,636.7,587.1,243.1,282.7,59,2.3,49.6
"Pahang",2004,544,526.2,17.8,349.3,379.1,368.8,10.4,91.8,164.8,157.4,7.4,257.6,544,489.3,356.6,101.3,29.4,2,54.6
"Perak",2004,818.3,791,27.3,554,530.1,514.8,15.2,157.5,288.2,276.2,12.1,396.5,818.3,782,411.5,261.9,106.3,2.3,36.3
"Perlis",2004,76.3,73.8,2.5,56.8,49.1,47.6,1.5,14.7,27.2,26.2,1,42.1,76.3,74.5,62.4,8.2,1.4,2.5,1.8
"Sabah",2004,1156.9,1081.7,75.2,605.9,775.5,727.8,47.7,136.7,381.4,353.9,27.5,469.2,1156.9,821.1,643.6,123.5,13.7,40.3,335.8
"Sarawak",2004,955.2,918.6,36.6,442.8,601.9,579.6,22.3,109.6,353.2,339,14.3,333.3,955.2,899.8,644.9,251.2,1.2,2.6,55.4
"Selangor",2004,2028.1,1973.3,54.7,1017.3,1269.5,1234.3,35.3,285.8,758.5,739.1,19.5,731.6,2028.1,1869,988.9,600.5,261.9,17.8,159
"Terengganu",2004,347.9,336.9,11.1,234.3,226.8,220.9,5.9,72.6,121.1,116,5.1,161.8,347.9,333.7,321.6,11.2,0.5,0.4,14.2
"W.P Kuala Lumpur",2004,691.6,671.7,19.9,325.1,415.2,403.6,11.6,99.1,276.4,268.1,8.3,226,691.6,626.8,269.3,284.3,68.5,4.7,64.8
"W.P Labuan",2004,34,32.3,1.7,16.2,22.9,21.7,1.1,3.8,11.1,10.5,0.6,12.4,34,25.3,19.9,4.6,0.5,0.4,8.6
"Johor",2005,1280,1237.1,42.9,693.8,843.7,814.3,29.4,180.7,436.2,422.8,13.5,513.1,1280,1147.3,635.4,418.6,86.4,6.9,132.7
"Kedah",2005,677.8,652.8,25.1,445.6,430.7,415.4,15.3,120.8,247.1,237.4,9.8,324.8,677.8,654.3,485.8,106.4,50.1,12,23.5
"Kelantan",2005,454.2,438.8,15.4,384.3,295.2,286,9.2,120,159.1,152.8,6.2,264.3,454.2,437.7,408.6,22.9,0.3,5.8,16.6
"Malaysia",2005,10413.4,10045.4,368.1,6048.2,6700.9,6470.5,230.4,1677.1,3712.5,3574.8,137.7,4371.1,10413.4,9383.9,5908.5,2609.2,769.7,96.5,1029.6
"Melaka",2005,274.5,271.1,3.4,168.2,170.6,168.6,2,50.8,103.9,102.5,1.5,117.4,274.5,253.8,159.8,76.7,16,1.3,20.6
"N. Sembilan",2005,386.7,372.8,13.9,219.5,248.4,239.5,8.8,65.5,138.3,133.3,5,154,386.7,358.6,205,92.7,60,1,28
"P. Pinang",2005,634.9,621.5,13.4,345.3,390.3,382.9,7.4,92.3,244.6,238.6,6.1,253,634.9,584.1,244.5,275,62.8,1.8,50.9
"Pahang",2005,542.7,524.7,18,367.8,386.3,375.7,10.6,96.9,156.5,149,7.4,271,542.7,488.4,364.1,95.1,26.5,2.6,54.3
"Perak",2005,828.8,801.2,27.6,573.9,536.6,520.3,16.3,166.5,292.2,280.9,11.3,407.3,828.8,792.1,421,257.5,111.8,1.7,36.7
"Perlis",2005,76.2,74,2.2,59.6,48.8,47.3,1.5,16.1,27.4,26.7,0.7,43.4,76.2,74.3,62.4,8.5,1,2.4,2
"Sabah",2005,1181.9,1106.8,75.1,640.7,793.2,747.9,45.4,149.3,388.7,359,29.7,491.4,1181.9,828.9,657.6,125.5,11.3,34.6,352.9
"Sarawak",2005,950.3,910.9,39.4,480.2,602.2,576.5,25.7,126.7,348.1,334.4,13.7,353.5,950.3,894.5,644,246.6,2,1.8,55.9
"Selangor",2005,2048.8,1985.9,62.9,1063.6,1283.3,1242.4,40.9,306.4,765.5,743.5,21.9,757.3,2048.8,1883.8,1005.2,588.7,271.7,18.3,164.9
"Terengganu",2005,353.1,342,11.1,250.4,230.8,223.9,6.9,79.3,122.3,118.1,4.2,171.1,353.1,337.7,325.6,11.2,0.7,0.2,15.3
"W.P Kuala Lumpur",2005,691.4,675.2,16.1,336.8,417.9,407.7,10.2,101.9,273.5,267.6,5.9,234.9,691.4,624.4,270.5,279.3,68.8,5.8,66.9
"W.P Labuan",2005,32.2,30.5,1.6,18.6,22.9,22,0.9,4,9.3,8.5,0.8,14.6,32.2,23.9,18.9,4.5,0.3,0.2,8.3
"Johor",2006,1285.8,1258.1,27.6,726.7,850.1,832.4,17.7,192.8,435.7,425.7,10,534,1285.8,1153.6,641.2,421.8,85.7,4.8,132.2
"Kedah",2006,682.4,656.8,25.6,467.2,441,424.4,16.6,123.3,241.4,232.4,9,343.9,682.4,659.6,490.2,105.7,51.3,12.4,22.8
"Kelantan",2006,469.8,458.4,11.4,396.6,298.6,291.9,6.7,130.4,171.2,166.5,4.7,266.2,469.8,454.7,423.7,23.2,1.7,6,15.1
"Malaysia",2006,10628.9,10275.4,353.6,6205.1,6843.5,6618.6,224.9,1719.6,3785.4,3656.8,128.7,4485.5,10628.9,9594.1,6051.4,2656.5,790.4,95.8,1034.8
"Melaka",2006,276.7,273.1,3.5,173.7,171.8,169.7,2.2,53.1,104.8,103.5,1.3,120.6,276.7,256.9,165.1,75.1,15.6,1.1,19.8
"N. Sembilan",2006,394.5,378.7,15.7,224.6,252.3,243.3,9,68.4,142.2,135.5,6.7,156.2,394.5,367.3,208.3,97.1,60.4,1.4,27.2
"P. Pinang",2006,658.9,647.7,11.2,339.4,396.5,389.2,7.3,93.8,262.4,258.5,3.9,245.6,658.9,605.4,256.2,285.2,62.1,1.9,53.5
"Pahang",2006,571.3,557.4,13.9,363.3,404,394.9,9.2,92,167.2,162.5,4.7,271.3,571.3,514.9,382.8,99.8,29.6,2.7,56.3
"Perak",2006,845.5,815.9,29.6,583.1,552.3,534.5,17.8,164.1,293.2,281.3,11.8,419,845.5,809.4,429.6,264.6,113.1,2.2,36
"Perlis",2006,77,74.5,2.4,61.9,50.6,49,1.5,15.8,26.4,25.5,0.9,46.2,77,75.3,63.2,9,0.9,2.1,1.7
"Sabah",2006,1230.4,1160.2,70.3,651.7,817.7,770.7,47,155.5,412.7,389.5,23.3,496.3,1230.4,867.6,689.4,123.1,21.9,33.2,362.8
"Sarawak",2006,958,918.3,39.7,502.2,620.2,595.7,24.5,124.2,337.8,322.6,15.2,378.1,958,899.5,645.5,250.2,0.5,3.4,58.5
"Selangor",2006,2084.4,2017.7,66.8,1091.6,1302,1258.4,43.6,319.1,782.5,759.3,23.2,772.5,2084.4,1924.9,1031.2,600.6,276.3,16.8,159.5
"Terengganu",2006,364.6,351.5,13.1,261.7,240.2,232.3,7.9,82.3,124.4,119.3,5.2,179.4,364.6,347.8,334.2,12.1,0.9,0.6,16.8
"W.P Kuala Lumpur",2006,696.1,676.6,19.5,342.6,422.4,410.7,11.7,101.3,273.7,265.9,7.8,241.3,696.1,631.3,270.1,284.6,70,6.7,64.8
"W.P Labuan",2006,33.7,30.5,3.2,18.6,23.9,21.7,2.2,3.6,9.8,8.9,0.9,15,33.7,25.9,20.6,4.4,0.3,0.6,7.8
"Johor",2007,1313.6,1286.7,26.9,745.7,863.5,847.2,16.3,201.3,450.1,439.5,10.6,544.4,1313.6,1184.2,661.7,429.6,85.4,7.5,129.4
"Kedah",2007,693.1,670.4,22.7,481.6,443.6,430.4,13.2,134.8,249.5,240,9.5,346.8,693.1,669.7,500.5,104.8,51.3,13.1,23.4
"Kelantan",2007,486.2,473.1,13.2,410.3,311.7,304.6,7.1,132.6,174.5,168.5,6.1,277.7,486.2,469.4,438.3,23.5,1.6,5.9,16.9
"Malaysia",2007,10889.5,10538.1,351.4,6330.1,6963.5,6747.1,216.4,1794.4,3926,3791,135,4535.7,10889.5,9829.8,6237,2705.4,781.1,106.4,1059.7
"Melaka",2007,290.4,284.3,6.1,169.7,175.8,172.8,3,54.6,114.6,111.4,3.1,115.2,290.4,271.1,170.3,81.7,17.4,1.7,19.3
"N. Sembilan",2007,395.8,381.6,14.2,235.7,257.1,248.4,8.7,70.3,138.7,133.2,5.5,165.4,395.8,368.5,210.1,95,62.3,1.1,27.3
"P. Pinang",2007,667.6,653.5,14,348.6,399.1,390.8,8.2,99.9,268.5,262.7,5.8,248.7,667.6,613.5,261.8,288.6,60.6,2.5,54.1
"Pahang",2007,580.2,561.9,18.3,376.9,404,392.4,11.6,103.7,176.1,169.4,6.7,273.1,580.2,522.4,390.7,97.5,30.6,3.6,57.7
"Perak",2007,877.9,852.2,25.7,579,562.6,548.2,14.4,168.2,315.3,304,11.3,410.9,877.9,838.4,455.2,269.6,110.9,2.7,39.5
"Perlis",2007,82.5,80,2.5,59.4,52,50.7,1.2,16,30.5,29.3,1.2,43.4,82.5,80.8,68,9,1.1,2.6,1.7
"Sabah",2007,1267.7,1198.6,69.2,674.2,843.7,799.3,44.3,158.7,424,399.2,24.8,515.6,1267.7,890.9,708.2,126.5,18.9,37.3,376.9
"Sarawak",2007,997.4,954.1,43.4,494.3,629.3,601.6,27.7,131.8,368.1,352.5,15.6,362.5,997.4,938.6,681.4,253.5,2,1.7,58.9
"Selangor",2007,2128,2064.2,63.8,1116,1320.9,1279.4,41.5,332.4,807.1,784.8,22.2,783.6,2128,1964.4,1048.3,624.7,272.6,18.9,163.6
"Terengganu",2007,372.7,363,9.7,274.1,247.1,241.2,5.9,86.7,125.6,121.8,3.8,187.5,372.7,356.2,343.1,11.6,0.7,0.8,16.5
"W.P Kuala Lumpur",2007,702.4,682.1,20.3,344.8,429.7,417.1,12.5,98.9,272.7,265,7.7,245.9,702.4,636.7,279.6,284.9,65.5,6.7,65.7
"W.P Labuan",2007,34.1,32.6,1.5,19.6,23.5,22.8,0.7,4.6,10.6,9.8,0.8,14.9,34.1,25.2,19.9,4.8,0.2,0.3,8.9
"Johor",2008,1313.1,1283.8,29.3,790.3,878.9,859.4,19.6,208.1,434.1,424.4,9.7,582.2,1313.1,1183.1,651.8,434.1,89.5,7.6,130
"Kedah",2008,703,676,27,497.5,448.8,433,15.7,142.4,254.2,243,11.2,355.1,703,680.2,511.2,107.5,49.4,12.1,22.8
"Kelantan",2008,500.9,486.4,14.5,418.5,318.9,310.6,8.3,137.7,182,175.8,6.2,280.9,500.9,483.9,452.3,23.8,1.5,6.3,17
"Malaysia",2008,11028.1,10659.6,368.5,6575.7,7074.6,6851.1,223.5,1881.1,3953.5,3808.5,145,4694.6,11028.1,9967,6343.7,2722.6,796.9,103.8,1061.1
"Melaka",2008,290,286.8,3.2,179.3,179.5,178,1.5,55.7,110.5,108.8,1.7,123.6,290,270.1,169.9,81.7,17,1.5,19.9
"N. Sembilan",2008,399.3,387.1,12.2,244.4,261.9,254.1,7.7,72.6,137.4,132.9,4.5,171.8,399.3,372.4,215.2,94.8,61.2,1.3,26.9
"P. Pinang",2008,688.4,674.9,13.4,343.2,407.7,398.8,8.9,98,280.7,276.1,4.6,245.3,688.4,633.1,271,299.6,61.4,1.1,55.3
"Pahang",2008,605.7,589.8,15.8,374.3,415.4,407.1,8.4,104,190.2,182.8,7.5,270.3,605.7,546.7,409,103.5,29.8,4.4,59
"Perak",2008,892.6,858.9,33.6,589,572.3,553.7,18.6,170.8,320.3,305.2,15.1,418.1,892.6,851,462.3,271.2,114.4,3.1,41.6
"Perlis",2008,84,81.5,2.5,60.8,52.3,50.8,1.5,17.1,31.7,30.7,1,43.7,84,82,69,9.4,1.1,2.5,2
"Sabah",2008,1294.2,1230.5,63.8,711.3,861.2,822.2,39,174.5,433,408.3,24.7,536.8,1294.2,909,728.7,128,18.5,33.9,385.2
"Sarawak",2008,973,921.7,51.3,550.8,633.6,600,33.6,145,339.4,321.6,17.7,405.8,973,913.5,662.2,247.5,1.3,2.5,59.4
"Selangor",2008,2159.8,2092,67.8,1160.9,1336.8,1297.1,39.7,356.6,823,794.9,28.1,804.3,2159.8,2005.9,1089.3,615.9,279.1,21.6,153.9
"Terengganu",2008,388.8,375.5,13.2,280.3,256.6,249.3,7.3,88.4,132.2,126.3,5.9,191.9,388.8,371.7,358.6,11.6,0.6,0.8,17.1
"W.P Kuala Lumpur",2008,701,682.2,18.8,354,426.4,414,12.4,105.4,274.6,268.2,6.4,248.5,701,637.9,272,289.4,72,4.5,63.1
"W.P Labuan",2008,34.5,32.5,1.9,21.1,24.2,23,1.2,4.9,10.2,9.5,0.7,16.3,34.5,26.5,21.1,4.6,0.2,0.6,8
"Johor",2009,1350,1306.3,43.7,791.8,883,855.7,27.3,222.1,467,450.6,16.4,569.8,1350,1217.5,682,438.5,92.1,4.9,132.5
"Kedah",2009,732.6,701.5,31.1,496,468,450,18,138.3,264.6,251.5,13.1,357.8,732.6,708,531.5,114.2,49.7,12.6,24.5
"Kelantan",2009,517.8,505.2,12.6,432.7,329.5,322.3,7.2,142.7,188.3,182.9,5.4,290,517.8,500.9,469.7,23.9,1.7,5.6,16.9
"Malaysia",2009,11315.3,10897.3,418,6665.7,7218.1,6955.7,262.4,1926.9,4097.2,3941.6,155.6,4738.8,11315.3,10231.6,6545.4,2774.4,810.6,101.1,1083.7
"Melaka",2009,290.9,284,6.9,186.3,180.9,176.3,4.6,58.3,109.9,107.6,2.3,128,290.9,271,174.5,78.7,16.4,1.5,19.8
"N. Sembilan",2009,402.2,386.5,15.7,254,261.8,251.3,10.5,78.8,140.4,135.2,5.2,175.2,402.2,374.4,216.8,95.1,60.8,1.6,27.8
"P. Pinang",2009,707.1,689.8,17.3,344.3,411.5,400.5,11,103.2,295.7,289.3,6.4,241.1,707.1,647.4,277.8,303.6,64.2,1.8,59.7
"Pahang",2009,622.3,603.7,18.6,377.8,424.7,413.5,11.2,105,197.6,190.2,7.4,272.9,622.3,561.9,422,106.6,30.1,3.1,60.4
"Perak",2009,923.7,891.6,32.2,583.4,584.9,568,16.9,172.5,338.8,323.5,15.3,410.9,923.7,883.1,479.7,284.1,117.1,2.3,40.6
"Perlis",2009,84.3,81.5,2.8,63,53.9,52.3,1.7,16.7,30.4,29.2,1.1,46.3,84.3,82.6,69.9,9.2,1.2,2.4,1.8
"Sabah",2009,1345.3,1270.6,74.6,721.8,890.9,840.3,50.6,175.6,454.3,430.3,24,546.2,1345.3,954.1,758.5,131,27.9,36.8,391.2
"Sarawak",2009,1024.2,977.5,46.8,529.9,651.9,622.9,29,142.3,372.4,354.6,17.8,387.6,1024.2,964.6,699,261.5,2.4,1.7,59.6
"Selangor",2009,2173.3,2095.3,78,1213.7,1354.4,1303.2,51.2,370.9,818.9,792.1,26.8,842.8,2173.3,2013.6,1082,634.7,276.8,20,159.7
"Terengganu",2009,405.6,390.3,15.3,284.7,267.5,258.6,8.9,88.8,138.1,131.7,6.4,195.9,405.6,387.9,374.8,12,0.6,0.4,17.8
"W.P Kuala Lumpur",2009,698.3,678.1,20.2,366.6,429.7,416.7,13,107.4,268.6,261.4,7.2,259.2,698.3,636.1,284.8,276.4,69.2,5.7,62.2
"W.P Labuan",2009,37.6,35.5,2.1,19.6,25.5,24.1,1.4,4.4,12.1,11.4,0.7,15.1,37.6,28.5,22.5,4.9,0.4,0.7,9.1
"Johor",2010,1453.5,1418.8,34.7,819,996.3,971.7,24.6,217.6,457.2,447.1,10.2,601.3,1453.5,1252.9,726.4,432.8,89.8,3.9,200.6
"Kedah",2010,746.9,725.7,21.2,508.9,490.6,477.5,13.1,144.3,256.3,248.2,8.1,364.6,746.9,694.7,529.5,103.7,53.7,7.7,52.2
"Kelantan",2010,547.2,534.2,13.1,412.1,347.2,339.1,8.1,132.8,200,195.1,4.9,279.3,547.2,517.4,490,22.3,1.5,3.6,29.8
"Malaysia",2010,12303.9,11899.5,404.4,7023,7955.5,7707.8,247.7,2071.7,4348.4,4191.7,156.8,4951.2,12303.9,10587.5,6888.3,2824.9,798.9,75.5,1716.4
"Melaka",2010,338.6,335.1,3.5,216.1,211,209.1,1.9,67.4,127.6,126,1.6,148.8,338.6,310,206.2,83.9,19.2,0.8,28.6
"N. Sembilan",2010,418.3,405.4,12.9,274.9,274.7,267.1,7.6,84.8,143.7,138.3,5.4,190.1,418.3,372.1,223.5,90.8,56.9,0.8,46.2
"P. Pinang",2010,759,742.3,16.7,352.3,448.8,439.4,9.3,110.3,310.2,302.9,7.3,242,759,675.7,282.2,323.1,68.6,1.8,83.3
"Pahang",2010,608.4,591,17.5,368.6,414.1,405.4,8.7,110.8,194.4,185.6,8.8,257.9,608.4,544.4,418.5,98.5,25.4,2,64
"Perak",2010,906,878.7,27.3,642.3,601.7,585.4,16.2,189.1,304.3,293.3,11.1,453.1,906,848.4,479.6,258.9,107.6,2.3,57.6
"Perlis",2010,83.6,80.9,2.8,72.6,55.7,53.8,1.9,20.4,27.9,27.1,0.8,52.2,83.6,79.2,69.1,7.3,1.1,1.7,4.4
"Sabah",2010,1480.7,1398.6,82.1,765.5,1003,944.4,58.6,178.3,477.7,454.2,23.5,587.1,1480.7,915.1,736,139.6,5.8,33.7,565.6
"Sarawak",2010,1093.7,1045.6,48.1,534.8,707.2,678.5,28.7,148.3,386.5,367.1,19.4,386.5,1093.7,982.1,730.8,247.8,1.5,2.1,111.6
"Selangor",2010,2634.4,2551.1,83.2,1349.7,1640.2,1597.1,43.1,439.6,994.2,954.1,40.2,910.1,2634.4,2276.6,1291.1,682.4,294,9.1,357.8
"Terengganu",2010,380.6,366.6,14.1,272.1,251.3,242.3,9,83.3,129.3,124.2,5,188.8,380.6,364.4,351.5,11.6,0.9,0.4,16.2
"W.P Kuala Lumpur",2010,812.9,788,24.9,414.3,487.6,472.5,15.1,140.1,325.3,315.6,9.7,274.2,812.9,719.2,324.2,317.3,72.7,5,93.7
"W.P Labuan",2010,40,37.6,2.4,19.7,26.2,24.5,1.7,4.6,13.8,13.1,0.7,15.1,40,35.3,29.6,4.9,0.3,0.5,4.7
"Johor",2011,1499.9,1461.9,38,816.3,1013.5,987.9,25.5,222.5,486.4,474,12.4,593.9,1499.9,1296.2,746.8,452.8,93.2,3.5,203.6
"Kedah",2011,770,743.4,26.6,512,502.5,485.8,16.7,146.8,267.4,257.5,9.9,365.3,770,711,546.2,104,52.5,8.4,58.9
"Kelantan",2011,555.4,544.6,10.8,431.7,350.1,342.8,7.3,143.2,205.4,201.8,3.5,288.5,555.4,524.8,495.3,24.4,1.8,3.2,30.7
"Malaysia",2011,12740.7,12351.5,389.2,7023.3,8172.4,7934.8,237.6,2079.7,4568.3,4416.7,151.6,4943.6,12740.7,10949,7111.9,2928.4,831.1,77.6,1791.7
"Melaka",2011,343.3,340.8,2.5,222.8,209.9,208.7,1.1,74,133.4,132.1,1.3,148.8,343.3,314.9,205.7,89.2,18.9,1,28.4
"N. Sembilan",2011,429.1,416.1,13,280.9,277.6,269.3,8.2,90.3,151.6,146.7,4.8,190.5,429.1,383.3,230.7,92.2,59.5,0.8,45.9
"P. Pinang",2011,787.5,772.8,14.7,348.8,461.7,454.1,7.6,108.3,325.8,318.7,7.1,240.4,787.5,699.2,296,332.5,69,1.7,88.2
"Pahang",2011,624.6,608.4,16.2,377.7,430.6,421.4,9.2,108.6,194.1,187,7.1,269.1,624.6,558.2,433.9,96.6,25.6,2.1,66.4
"Perak",2011,944.6,919.7,24.9,631.2,614.7,602.6,12.1,190.4,329.9,317.2,12.8,440.8,944.6,880.8,501.6,263.9,112.9,2.4,63.8
"Perlis",2011,86.8,83.3,3.4,71.7,57.8,55.6,2.2,19.8,29,27.7,1.3,51.8,86.8,82.7,72.4,7.4,1.2,1.8,4.1
"Sabah",2011,1562.5,1474.4,88.1,764.9,1052.8,994.5,58.4,172.5,509.7,479.9,29.7,592.4,1562.5,977.7,785.9,147.7,11.5,32.5,584.8
"Sarawak",2011,1103.4,1058.1,45.3,566.1,719,690.8,28.3,156.9,384.3,367.3,17,409.2,1103.4,991.3,730.3,256.2,3.5,1.2,112.1
"Selangor",2011,2710.8,2645.2,65.5,1295,1679.2,1642.4,36.8,414.9,1031.5,1002.8,28.7,880.1,2710.8,2334.6,1294.1,721.5,306.2,12.9,376.1
"Terengganu",2011,403.2,390.3,12.9,269.3,261.7,253.4,8.2,83.7,141.5,136.8,4.7,185.6,403.2,385.6,373.4,11.5,0.5,0.2,17.6
"W.P Kuala Lumpur",2011,837.6,812.5,25.1,405.4,495.4,480.6,14.7,139.7,342.2,331.9,10.3,265.8,837.6,732.7,330,323.5,74.1,5,104.9
"W.P Labuan",2011,40.3,38.6,1.7,20.5,26.3,25.2,1.1,5,14.1,13.4,0.6,15.5,40.3,35.9,30.2,4.9,0.1,0.8,4.4
"W.P Putrajaya",2011,41.9,41.4,0.5,9.2,19.9,19.7,0.3,3.2,21.9,21.8,0.2,6,41.9,40.1,39.3,0.2,0.5,0,1.8
"Johor",2012,1529.4,1481.5,47.9,821.9,1035.2,1002.3,32.9,220.9,494.2,479.2,15,601,1529.4,1320.5,761.7,459.7,95.7,3.5,208.9
"Kedah",2012,810.3,786.9,23.4,502,521.1,507.6,13.5,144.4,289.2,279.3,9.9,357.5,810.3,754.2,582.7,110,53.8,7.7,56.1
"Kelantan",2012,592.3,578.7,13.6,424.8,367.2,359.4,7.7,141.9,225.1,219.3,5.8,283,592.3,560.4,531.6,23.6,1.7,3.5,31.8
"Malaysia",2012,13221.7,12820.5,401.2,6927.4,8419,8169.5,249.6,2036.7,4802.6,4651,151.6,4890.7,13221.7,11361.6,7435,2985.1,856.6,84.9,1860.1
"Melaka",2012,358.8,357,1.8,218.6,219.4,218.8,0.6,72,139.4,138.2,1.2,146.5,358.8,326.7,216.3,89.7,19.8,0.8,32.2
"N. Sembilan",2012,455.7,442.1,13.6,264.5,290.5,282.1,8.4,85.2,165.2,160,5.2,179.3,455.7,399,241.9,96.7,59.8,0.7,56.7
"P. Pinang",2012,795.8,779.8,16,358.8,469.5,461,8.5,109.5,326.3,318.8,7.5,249.3,795.8,702,303.4,326.1,70.5,2,93.8
"Pahang",2012,650.9,633.1,17.8,371.5,444.2,435.2,9,106.7,206.7,197.8,8.9,264.8,650.9,581.6,453.3,98.1,27.9,2.4,69.3
"Perak",2012,955.4,927.1,28.3,647.1,621.1,605.2,15.8,196.2,334.3,321.9,12.4,450.9,955.4,889.3,500,273.5,113.5,2.3,66.1
"Perlis",2012,90.6,87.1,3.5,69.4,58.8,56.4,2.4,20.2,31.9,30.8,1.1,49.2,90.6,86.2,75.8,7.5,1.2,1.8,4.4
"Sabah",2012,1627.9,1537.4,90.5,780.4,1084.4,1024.3,60.1,183.2,543.6,513.1,30.4,597.2,1627.9,1022.3,831.1,144.9,11.1,35.1,605.6
"Sarawak",2012,1184.9,1143.9,41,523,750.6,724.6,26,145.7,434.3,419.3,15,377.3,1184.9,1070.5,794.6,271.4,2.4,2,114.5
"Selangor",2012,2842.6,2776.1,66.6,1226.1,1742.5,1701,41.5,384.7,1100.1,1075.1,25.1,841.4,2842.6,2457.1,1373,742,325.6,16.5,385.6
"Terengganu",2012,401.8,389.6,12.2,284.9,263.2,255.4,7.9,88.3,138.6,134.2,4.4,196.6,401.8,384.2,371.9,11,1.1,0.2,17.6
"W.P Kuala Lumpur",2012,842.9,820.4,22.5,404.2,505.1,491.5,13.6,129.8,337.7,328.8,8.9,274.4,842.9,732,328.7,325.8,71.8,5.8,110.9
"W.P Labuan",2012,41.3,39.4,1.9,20.5,27,25.7,1.3,4.4,14.3,13.8,0.5,16.1,41.3,36.6,30.9,4.8,0.3,0.6,4.7
"W.P Putrajaya",2012,40.9,40.3,0.6,9.7,19.3,19,0.3,3.6,21.6,21.3,0.3,6.1,40.9,39,38.3,0.2,0.5,0,1.9
"Johor",2013,1598.9,1553.4,45.4,771.3,1036.7,1010.1,26.7,224.8,562.1,543.3,18.8,546.5,1598.9,1399.6,813.1,483.5,98.8,4.2,199.2
"Kedah",2013,862.8,842.3,20.5,489.9,539.2,529.3,9.9,149.6,323.6,313.1,10.5,340.3,862.8,792.5,617.8,108,58,8.6,70.3
"Kelantan",2013,619.8,602.7,17.1,424.8,379.2,369.8,9.4,143.3,240.6,232.9,7.7,281.6,619.8,588.2,558.7,23.9,1.7,3.9,31.6
"Malaysia",2013,13980.5,13545.4,435.1,6781.2,8739.4,8484.6,254.8,2056.3,5241.1,5060.8,180.3,4724.9,13980.5,11821.6,7781.8,3075.8,873.3,90.7,2158.9
"Melaka",2013,378.3,375.5,2.7,208.3,224.7,223.7,1,71.7,153.5,151.8,1.7,136.6,378.3,343.2,227.6,93.2,21.2,1.2,35.1
"N. Sembilan",2013,478.9,464.1,14.7,255.1,300.1,291.6,8.5,84.4,178.7,172.5,6.2,170.7,478.9,412,254.1,97.2,60,0.8,66.8
"P. Pinang",2013,826.1,811.9,14.2,363.7,485.9,478.4,7.5,112,340.2,333.5,6.7,251.7,826.1,716.6,308.7,335.3,70.9,1.6,109.6
"Pahang",2013,678.9,659.8,19.1,361.8,453.6,443.3,10.4,109.3,225.2,216.5,8.8,252.5,678.9,601.1,473.1,98.2,27.6,2.3,77.8
"Perak",2013,985.2,947.8,37.3,642.6,643.9,621.8,22.1,189.6,341.3,326,15.2,453,985.2,910.7,511.4,283.3,113.8,2.2,74.4
"Perlis",2013,97.9,94.3,3.6,64.1,62.1,59.8,2.3,18.4,35.9,34.6,1.3,45.7,97.9,93.6,82.4,8,1.2,2,4.4
"Sabah",2013,1801.7,1706,95.7,767.4,1172.1,1112.2,59.8,184.2,629.6,593.8,35.9,583.2,1801.7,1089.7,883.8,156.5,9.1,40.2,712
"Sarawak",2013,1234.2,1188.5,45.7,542.5,786.2,759.4,26.8,152.8,448,429.1,18.9,389.6,1234.2,1084.8,807.8,272.4,2.6,2.1,149.4
"Selangor",2013,3006.2,2933.3,72.9,1226.3,1813.8,1769.7,44.2,403.9,1192.4,1163.7,28.7,822.5,3006.2,2531.4,1434.8,752.2,328.7,15.6,474.9
"Terengganu",2013,421.3,407,14.4,280.4,270.4,261,9.4,87.4,150.9,146,4.9,193,421.3,402.8,390,11.8,0.7,0.4,18.5
"W.P Kuala Lumpur",2013,907.3,877.8,29.5,353.2,525.3,509.9,15.4,117.1,382,367.9,14.1,236.1,907.3,779,348.2,347.5,78.2,5,128.3
"W.P Labuan",2013,41.8,40.1,1.7,20.6,27.1,25.9,1.2,4.5,14.8,14.2,0.5,16.1,41.8,37.3,31.6,4.8,0.3,0.6,4.5
"W.P Putrajaya",2013,41.2,40.7,0.5,9.2,19,18.8,0.2,3.4,22.2,21.9,0.3,5.8,41.2,39.1,38.6,0,0.4,0,2.1
"Johor",2014,1621.1,1579.7,41.4,778.8,1051.4,1024.9,26.5,224.1,569.7,554.8,14.9,554.7,1621.1,1416.5,821.6,490.2,100.8,3.8,204.7
"Kedah",2014,884.1,859.8,24.3,493.5,540.9,528.2,12.7,160.2,343.2,331.6,11.5,333.2,884.1,818.7,636.6,114.4,59.3,8.4,65.4
"Kelantan",2014,646.2,625.2,21,425.2,385.2,373.8,11.5,151.8,261,251.5,9.6,273.4,646.2,614.7,583.9,24.6,1.8,4.3,31.6
"Malaysia",2014,14263.6,13852.6,411.1,6821,8823.2,8587.5,235.7,2126.2,5440.4,5265.1,175.4,4694.9,14263.6,12117.6,8042.2,3097.9,902.4,75,2146.1
"Melaka",2014,398.3,394.9,3.4,197.2,235.2,233.4,1.8,65.4,163.2,161.5,1.6,131.8,398.3,364,241,100.3,21.8,0.9,34.4
"N. Sembilan",2014,480.9,466.5,14.4,259.4,302.8,294.6,8.2,84.6,178.1,171.9,6.2,174.8,480.9,418.2,258.3,96.3,62.9,0.7,62.7
"P. Pinang",2014,852.5,839.2,13.3,348.3,485.9,479.5,6.4,117.3,366.6,359.7,6.9,231.1,852.5,739.3,330.4,335.1,71.9,1.9,113.2
"Pahang",2014,702.1,683.2,18.9,353.6,457.5,449,8.6,112.5,244.6,234.2,10.3,241,702.1,623.9,489.4,103.8,29.2,1.6,78.2
"Perak",2014,987.2,954.1,33.1,653.3,632.6,612.8,19.8,204.1,354.7,341.4,13.3,449.2,987.2,919,529,271.4,116.4,2.1,68.3
"Perlis",2014,98.5,95.2,3.3,65.6,62.6,60.7,1.9,19.3,35.9,34.5,1.3,46.3,98.5,94.4,83.6,7.4,1.4,1.9,4.1
"Sabah",2014,1831.6,1740.9,90.6,795.1,1179.4,1125.7,53.7,203.7,652.1,615.2,36.9,591.4,1831.6,1106,910.3,150.2,17.9,27.7,725.5
"Sarawak",2014,1271.4,1232.2,39.2,537.9,801.6,779.5,22.1,154.4,469.8,452.8,17.1,383.5,1271.4,1117.2,835.9,277.1,3.1,1,154.2
"Selangor",2014,3096,3033.6,62.4,1221.1,1851.2,1816.4,34.8,407.5,1244.9,1217.2,27.7,813.6,3096,2634.2,1498.7,777.3,341.6,16.5,461.8
"Terengganu",2014,432.8,414.9,17.9,283,277.6,265.7,11.9,86.6,155.2,149.1,6,196.4,432.8,413.7,401.6,11.3,0.5,0.2,19.2
"W.P Kuala Lumpur",2014,877,852,25,379.3,513.2,499.2,13.9,126.3,363.9,352.8,11.1,253,877,760.6,351,333.4,73,3.2,116.4
"W.P Labuan",2014,43,40.8,2.2,20.2,27.7,26.2,1.5,4.3,15.3,14.6,0.7,16,43,38.7,32.8,4.9,0.3,0.6,4.3
"W.P Putrajaya",2014,40.8,40.3,0.5,9.5,18.4,18.1,0.2,4,22.4,22.2,0.2,5.5,40.8,38.6,38.1,0.1,0.5,0,2.2
"Johor",2015,1633.2,1582.6,50.6,799.9,1051.6,1023.3,28.3,238.8,581.5,559.3,22.2,561.1,1633.2,1429.8,832.6,492,100.1,5.1,203.4
"Kedah",2015,905.3,881.6,23.7,496.5,548.6,535.1,13.5,165.6,356.7,346.5,10.2,330.9,905.3,833.1,651,114.8,59,8.2,72.2
"Kelantan",2015,676.2,652.1,24.1,415.3,407,394,13,140.4,269.2,258.1,11.1,274.9,676.2,643.5,613,24.3,2.1,4.1,32.6
"Malaysia",2015,14518,14067.7,450.3,6869.9,8952.8,8691,261.8,2148.7,5565.1,5376.7,188.5,4721.2,14518,12348.5,8192.4,3154,907.7,94.5,2169.4
"Melaka",2015,402.4,398.3,4.1,201.6,235.8,233.8,2,69,166.5,164.5,2,132.6,402.4,366.7,243.8,98.3,23.3,1.3,35.7
"N. Sembilan",2015,483.6,468.7,14.9,262,303.5,295,8.5,86.3,180.1,173.8,6.4,175.8,483.6,425.6,259.8,99.1,66.3,0.5,58
"P. Pinang",2015,848.1,834.2,14,365.8,493.1,483.7,9.3,118.9,355.1,350.5,4.6,246.9,848.1,735.7,327.1,331.6,75.5,1.5,112.4
"Pahang",2015,718.2,697.5,20.6,349.4,464.7,453.8,10.9,111.6,253.4,243.7,9.7,237.8,718.2,640,504.2,107.2,26.7,1.8,78.2
"Perak",2015,1014.3,981.8,32.5,636.8,643.7,624.2,19.5,199.6,370.6,357.6,13,437.3,1014.3,942.9,533.9,288.1,117.8,3.2,71.4
"Perlis",2015,101.1,98.2,3,64.7,64.3,62.3,2,18.9,36.8,35.8,1,45.9,101.1,96.3,85.1,7.7,1.6,1.9,4.8
"Sabah",2015,1863.4,1771.1,92.3,815.9,1213.3,1155,58.3,196.2,650.1,616.2,34,619.7,1863.4,1129.2,921,157.8,6.1,44.3,734.3
"Sarawak",2015,1258.3,1214.8,43.5,581.4,804,776.2,27.8,168.1,454.3,438.6,15.7,413.4,1258.3,1109,822.9,282.4,1.9,1.8,149.3
"Selangor",2015,3212.9,3135,77.9,1183.6,1881.6,1842.2,39.5,415.3,1331.3,1292.8,38.4,768.3,3212.9,2737.1,1570.8,799.1,352.5,14.7,475.8
"Terengganu",2015,438,420.5,17.5,293.4,278.6,267,11.5,92.2,159.4,153.4,5.9,201.2,438,419.8,406.5,12.4,0.8,0.1,18.1
"W.P Kuala Lumpur",2015,882.6,853.4,29.1,369.6,518.3,502.4,15.9,118.4,364.3,351.1,13.2,251.3,882.6,766.2,352.5,334.9,73.4,5.4,116.3
"W.P Labuan",2015,41.5,39.5,2.1,22.9,27.2,25.8,1.4,5.3,14.4,13.7,0.7,17.6,41.5,36.9,32,4.1,0.2,0.6,4.7
"W.P Putrajaya",2015,38.9,38.5,0.4,10.8,17.5,17.3,0.2,4.2,21.4,21.2,0.2,6.7,38.9,36.8,36.3,0.1,0.4,0,2.1
"Johor",2016,1639.1,1580.6,58.5,820.7,1062.9,1026.5,36.4,242.3,576.2,554.2,22,578.4,1639.1,1422.1,827.4,485.1,104.9,4.7,217
"Kedah",2016,910.9,884.3,26.6,508.4,553.1,539.2,13.8,170,357.8,345.1,12.8,338.4,910.9,841.2,660.4,113.2,59.2,8.4,69.8
"Kelantan",2016,657.8,632.9,24.9,454.8,404.6,390.6,14,155.4,253.2,242.3,10.9,299.4,657.8,624.9,595.1,24.4,1.8,3.6,33
"Malaysia",2016,14667.8,14163.7,504.1,6987.6,9012.1,8729.7,282.4,2229.7,5655.7,5434,221.7,4757.9,14667.8,12406.6,8206.1,3192.6,906.1,101.9,2261.2
"Melaka",2016,400.8,397.3,3.5,211.9,236.7,235,1.7,72.1,164.1,162.3,1.8,139.8,400.8,367.4,244.9,97.8,23.6,1.1,33.4
"N. Sembilan",2016,479.7,466.9,12.8,262.1,297.6,290,7.6,88.1,182.1,176.9,5.2,173.9,479.7,421.6,258.5,99.1,63.1,0.9,58.2
"P. Pinang",2016,845.5,827.4,18.1,379.8,493.5,482.5,11,123.8,352,344.9,7.1,256,845.5,731,324.4,332.5,72,2.1,114.5
"Pahang",2016,710.5,692.2,18.3,366.5,457.9,449.1,8.7,123.2,252.7,243.1,9.5,243.3,710.5,634.6,496.9,108,27.8,1.8,76
"Perak",2016,1023.1,988.2,34.8,635.5,643.6,626.1,17.4,202.7,379.5,362.1,17.4,432.8,1023.1,948.4,548.7,282.6,114.9,2.2,74.7
"Perlis",2016,103.1,100.1,3,64.4,64.5,62.8,1.7,19.5,38.7,37.3,1.4,44.9,103.2,98.2,87.1,7.9,1.2,1.9,5
"Sabah",2016,1927.1,1823.7,103.3,793.4,1221.7,1161.6,60,209.5,705.4,662.1,43.3,584,1927.1,1146.4,927,157.8,9.4,52.1,780.7
"Sarawak",2016,1260.1,1218.2,41.9,602.5,812.1,785.8,26.3,173.2,448,432.4,15.6,429.2,1260.1,1100,816.4,279.4,2.5,1.7,160.1
"Selangor",2016,3325,3217.6,107.4,1156.1,1926.7,1874.4,52.2,415.8,1398.3,1343.2,55.1,740.3,3325,2823.3,1594.4,860.4,353.3,15.2,501.7
"Terengganu",2016,447.2,428.5,18.6,297.6,288,274.5,13.5,89.8,159.2,154,5.2,207.8,447.2,428.9,413.7,14.4,0.6,0.2,18.3
"W.P Kuala Lumpur",2016,855.4,827.2,28.2,400.7,503.4,487.9,15.5,135,352,339.3,12.6,265.7,855.4,743,341.2,325.4,71.1,5.4,112.3
"W.P Labuan",2016,43.6,40.2,3.4,21.9,28.1,26.1,2.1,5,15.5,14.1,1.4,16.9,43.6,38.8,33.6,4.4,0.2,0.7,4.8
"W.P Putrajaya",2016,38.9,38.2,0.7,11.2,17.7,17.4,0.3,4.2,21.1,20.8,0.3,7,38.9,37,36.4,0.1,0.4,0,1.9
"Johor",2017,1671.7,1614.7,57,823.3,1088.6,1052.6,36,244.4,583.1,562.1,21,578.9,1671.7,1456,853.8,492,107.2,3.1,215.7
"Kedah",2017,930.8,904.4,26.4,507.5,563.9,547.6,16.3,169.9,366.9,356.8,10.1,337.6,930.8,861.7,676.3,113.2,63.6,8.7,69
"Kelantan",2017,694.8,670,24.8,442.3,421,406.8,14.2,152.7,273.8,263.2,10.6,289.6,694.8,659.1,627.3,24.8,1.7,5.2,35.8
"Malaysia",2017,14952.6,14450,502.6,7052.1,9195.9,8896.2,299.7,2290.5,5756.7,5553.8,202.9,4761.7,14952.6,12678.3,8438.3,3206.1,929.7,104.2,2274.3
"Melaka",2017,409.4,405.4,4,215,244.1,242,2.1,74.1,165.3,163.4,1.9,140.9,409.4,374,251.7,98.1,23,1.2,35.5
"N. Sembilan",2017,490.7,476.8,13.9,266.7,308.8,300.1,8.6,88.8,181.9,176.7,5.2,178,490.7,428.5,264.4,99.6,63.7,0.8,62.1
"P. Pinang",2017,839.5,822.2,17.3,403.5,496.4,486.4,10.1,130.4,343,335.9,7.2,273.1,839.5,724.3,331.7,319.5,70.7,2.4,115.2
"Pahang",2017,710.5,689.8,20.7,377.3,466.6,455.3,11.3,120.3,243.9,234.4,9.4,257,710.5,635.2,501.2,103.9,28.1,1.9,75.3
"Perak",2017,1048.4,1009.3,39,615.6,648.5,626.9,21.5,206.3,399.9,382.4,17.5,409.3,1048.4,972.6,563.1,289.5,117.3,2.8,75.7
"Perlis",2017,101.4,97.9,3.5,67.8,63.2,61.5,1.7,20.6,38.2,36.4,1.8,47.2,101.4,96.9,86.1,7.6,1.2,2,4.5
"Sabah",2017,1903.4,1795.9,107.5,877.8,1248.2,1178.1,70.1,224.2,655.1,617.8,37.4,653.6,1903.4,1125.6,918.1,153.8,2.8,50.9,777.8
"Sarawak",2017,1290.7,1251.8,38.9,612.3,823.6,799.9,23.7,183.5,467.1,451.9,15.2,428.8,1290.7,1129.2,849,276.5,2.4,1.3,161.5
"Selangor",2017,3457.6,3359.5,98.1,1109.9,1968.1,1914.8,53.3,434.8,1489.5,1444.7,44.8,675.1,3457.6,2964,1680.9,887.8,378.1,17.1,493.6
"Terengganu",2017,456.4,435.9,20.5,302.3,291.1,278.1,13,97.1,165.3,157.8,7.4,205.2,456.4,439,425,13.7,0.2,0.1,17.3
"W.P Kuala Lumpur",2017,867.9,840.9,27,395.4,518.5,503.6,14.9,133.6,349.5,337.4,12.1,261.8,867.9,739.7,343.2,321.7,68.8,6.2,128.2
"W.P Labuan",2017,41.8,38.2,3.6,23.8,28,25.5,2.5,5.5,13.8,12.7,1.1,18.3,41.8,37,31.6,4.5,0.3,0.5,4.8
"W.P Putrajaya",2017,37.7,37.2,0.6,11.6,17.3,17,0.3,4.3,20.5,20.2,0.2,7.3,37.7,35.5,35,0,0.5,0,2.2
