"ConState","Year","AllTotalMarital","NeverMarried","Married","Widow","DivorcePermSeparate","AllTotalAge","Age15to19","Age20to24","Age25to29","Age30to34","Age35to39","Age40to44","Age45to49","Age50to54","Age55to59","Age60to64"
"Johor",1982,653.1,252.6,378.6,16.3,5.6,653.1,86.1,130.9,107.6,88.3,65.8,56.3,45.5,38.3,20.7,13.5
"Kedah",1982,403.9,111.5,275,12.1,5.4,403.9,43.2,64,56.1,50.9,43.3,43.4,39.4,29.8,17.7,16.1
"Kelantan",1982,319.4,68.9,230.7,10.4,9.5,319.4,27.6,51,44.5,38.7,36.2,36,25,24.9,21.1,14.5
"Melaka",1982,174.1,68.6,98.3,5.1,2,174.1,21.9,33.8,28,21.3,19.6,13.9,14.3,10.8,6.3,4.1
"N. Sembilan",1982,222.8,77.2,136.8,6.7,2.1,222.8,28,41,34.6,29.1,22.6,23.9,18.5,13.8,7.1,4.2
"P. Pinang",1982,396,169.1,213.7,9.1,4.1,396,52.8,81.1,64.9,52.2,38.8,37.2,25.2,22.8,13.7,7.3
"Pahang",1982,279.6,95.6,175.1,5.6,3.3,279.6,36.2,54.9,43.7,39.4,31.4,28.6,18.4,11.5,9.9,5.7
"Perak",1982,638.6,222.9,386.6,20.9,8.1,638.6,79.8,109.9,86.5,77.8,66.9,65.5,56.4,47.1,28.6,20.1
"Perlis",1982,58.1,15.8,38.6,2.1,1.5,58.1,6.2,9.9,7.1,6.9,5.4,7.3,4.9,5.6,2.9,1.9
"Sabah",1982,354.3,116.6,222.5,11.4,3.8,354.3,42.2,75.3,59.7,48,31.8,33.8,24.1,18.5,12.4,8.5
"Sarawak",1982,539.7,167.4,349.1,16.3,6.9,539.7,81,96.8,79.6,65.9,55.2,47.9,36.5,33.5,23.1,20.1
"Selangor",1982,691.9,284.9,388.1,13.7,5.2,691.9,75.6,155.3,130.6,105.5,69.7,59.2,43.3,28.6,14.6,9.6
"Terengganu",1982,227.2,63.2,151.5,7,5.6,227.2,24.1,42.2,34,25.9,24.9,22.5,17.9,14.6,11.7,9.5
"W.P Kuala Lumpur",1982,472.6,229.7,232.4,7.9,2.7,0,0,0,0,0,0,0,0,0,0,0
"Johor",1983,650.9,240.4,386.4,15.2,9.1,650.9,83,122.7,107.4,86.7,68.4,60,43.8,37,24.5,17.5
"Kedah",1983,388.2,101.2,269.1,11,6.9,388.2,37.2,56.9,55.2,55,43.7,40,39.8,27,16.9,16.6
"Kelantan",1983,301.3,60.9,221.9,8.6,9.9,301.3,22.6,47.5,41.9,37,39.9,27.4,29.7,21.9,20.3,13.2
"Melaka",1983,170.3,61.8,100.6,6.7,1.3,170.3,19.8,28.5,27.4,24.9,16.9,19.2,13.2,12.1,5.2,3.1
"N. Sembilan",1983,223.5,73.9,140.5,6.9,2.2,223.5,22.7,41.8,33.7,29.1,18,29.3,19.4,15.8,7.8,5.9
"P. Pinang",1983,421,181.4,225.7,10.5,3.4,421,56.6,85.7,64.3,50.9,44.1,39.4,34.6,22.4,13.7,9.3
"Pahang",1983,342.6,105.6,227.7,6.2,3.1,342.6,35.5,67.5,57.9,56,35,32.9,27.9,14.6,8.1,7.2
"Perak",1983,704.9,256.1,423.6,17.9,7.3,704.9,95.5,118.4,98.4,89.3,70.6,65.1,63.4,47.9,32.2,24.4
"Perlis",1983,66,15.5,47.7,2.1,0.7,66,6.3,9.8,6.2,8,7.2,10.2,7.1,4.8,3.7,2.7
"Sabah",1983,393.8,129.7,246.4,10.9,6.8,393.8,48.5,81.3,70.4,54.4,35.1,34.4,26,20.4,13,10.3
"Sarawak",1983,569.5,187.3,356.8,17.4,8,569.5,89.5,101.5,82.6,68.1,57.8,51.4,38.7,35.7,24.2,20
"Selangor",1983,757.2,320.5,412.9,17.6,6.2,757.2,93.5,176.3,149.8,104.1,79.1,54.6,44.9,29.5,15.3,10.1
"Terengganu",1983,243.1,65.6,159.7,8.5,9.3,243.1,25,45.5,37.2,26.4,27.6,21.2,21.9,14.2,13.5,10.5
"W.P Kuala Lumpur",1983,439.6,206,224.5,5.6,3.5,0,0,0,0,0,0,0,0,0,0,0
"Johor",1984,688.2,259.8,404.6,15.7,8.1,688.2,79.4,138.5,109.9,93.6,73.7,63.2,56,36.3,23.5,14.1
"Kedah",1984,442.6,134.6,289.6,13.3,5.1,442.6,41.7,75.9,63.4,55.7,50.3,41.1,45.6,29.4,22.4,17
"Kelantan",1984,341,79.1,240.5,11.9,9.5,341,23.8,58.8,48.2,43.7,39.9,34.2,28.8,22.5,23.1,17.9
"Melaka",1984,171.8,64.1,100.8,5,1.9,171.8,19.6,33.4,26.3,18.6,19.8,17,14.7,12,6.7,3.7
"N. Sembilan",1984,234.9,79.9,146.2,6.9,1.8,234.9,21.8,43.8,39.2,33.7,23.5,22.2,22.5,14.6,9.2,4.5
"P. Pinang",1984,397.9,164.5,220.3,9.1,4,397.9,38.1,87.8,64.3,53.2,49.2,34,29.2,22.4,12.5,7.2
"Pahang",1984,321.7,111.2,199.9,7.3,3.3,321.7,38.5,61.2,53.6,45.6,36.3,30.7,25.4,13.6,9.5,7.2
"Perak",1984,697.2,237.5,428.7,23.2,7.8,697.2,81,113.3,100.8,93.3,82.6,63.1,60.8,49.1,32.3,20.9
"Perlis",1984,64.8,18.1,44.4,1.4,0.8,64.8,7.2,8.9,9.6,9.7,8.4,5.9,7.2,3.1,2.6,2.2
"Sabah",1984,425.9,147.6,258.4,12.5,7.4,425.9,54.5,84.6,75.4,59.5,37.4,39.8,28.5,21.5,13.7,10.9
"Sarawak",1984,616.7,208.3,383.1,16.5,8.8,616.7,100.8,111.9,86.8,76,62,54.8,42.4,37.5,24,20.6
"Selangor",1984,718.8,292.4,408,12.4,6,718.8,76.6,161,139.9,105.7,77.1,55.9,45.6,29.5,16,11.5
"Terengganu",1984,219.3,69.6,137.6,7,5.1,219.3,22.9,42.3,34.3,28.4,23.5,18.6,20.3,12.3,8.4,8.3
"W.P Kuala Lumpur",1984,504.5,238,254.9,7.8,3.9,0,0,0,0,0,0,0,0,0,0,0
"W.P Labuan",1984,17.3,7.6,9.1,0.3,0.2,0,0,0,0,0,0,0,0,0,0,0
"Johor",1985,710.4,274.9,412.5,17.3,5.6,710.4,88,141.5,112.6,93.9,81.2,61.7,55.3,35.6,26.6,14
"Kedah",1985,445.4,134.8,290.3,13.8,6.4,445.4,44.5,76.6,64.5,59.1,50.7,39.7,45.3,27.9,21.5,15.6
"Kelantan",1985,344.3,84.3,237.8,10.4,11.8,344.3,26,57.8,47.5,39.9,40.2,39.4,30.4,23.1,23.3,16.6
"Melaka",1985,180,71.1,102,4.7,2.3,180,19.9,39.5,27.6,20.7,18.6,16,14.3,10.5,8,5.1
"N. Sembilan",1985,221.1,73,138.6,7,2.5,221.1,19.8,38.6,34.2,32.4,27.9,22.4,21.2,12.7,8.8,3.2
"P. Pinang",1985,408.5,168.9,227,9.8,2.9,408.5,35.6,90.2,71.5,56.1,50,36.1,29.5,21.4,11.8,6.3
"Pahang",1985,342.7,121.2,210,8.3,3.1,342.7,42,66.2,54.7,47.8,40,30.8,28.7,15,10.4,7.1
"Perak",1985,713.1,250.2,434.3,21.6,7,713.1,82,124.1,104.2,92,82.5,64.1,61.3,49.8,33.5,19.5
"Perlis",1985,65.5,18.3,44.8,1.6,0.8,65.5,5.8,8.8,9.7,10.4,8.6,6.6,6.3,3.8,3.5,2.1
"Sabah",1985,431,146.8,265.8,11.7,6.8,431,52.9,79.8,78.6,61,41.7,37.5,31.1,23.7,14.5,10.1
"Sarawak",1985,632.7,214.4,393.4,16.1,8.9,632.7,102.6,114.5,91.6,78.4,64.1,55.1,43.9,35.7,27.3,19.5
"Selangor",1985,740.6,309.8,412.8,13.2,4.8,740.6,72.5,166.3,144.5,110.3,82.6,53,51.4,31.1,18.9,10
"Terengganu",1985,228.9,70.4,147.9,6,4.6,228.9,23.1,41.1,35.3,30.3,24.7,20.9,22.7,11.7,9.4,9.7
"W.P Kuala Lumpur",1985,509.7,241.1,257.1,8,3.5,0,0,0,0,0,0,0,0,0,0,0
"W.P Labuan",1985,16.3,6.7,9.1,0.3,0.2,0,0,0,0,0,0,0,0,0,0,0
"Johor",1986,751.2,294.7,431.6,18.2,6.7,751.2,90.4,151.5,121.8,103.7,85.4,58.1,56.7,40.1,27,16.6
"Kedah",1986,455,144.8,293.7,11.5,5.1,455,43.9,79.5,63.8,58.7,53.4,45,42.8,31.5,23.5,12.9
"Kelantan",1986,365.1,93.8,250.9,10.3,10.1,365.1,31.1,63.9,51.2,47.2,41.3,39.4,31.6,22.3,20.7,16.5
"Melaka",1986,187.7,76.8,103.8,5.2,1.8,187.7,22.8,38.2,27.8,24.7,19.8,15,15.1,11,7.7,5.6
"N. Sembilan",1986,229.5,78.4,142.8,6.5,1.8,229.5,22,40.5,38.6,33.3,27.4,17.6,22.8,12.2,9.9,5.2
"P. Pinang",1986,427.2,185.5,228.8,9,4,427.2,38,96.5,72.7,60.7,50.9,36.2,31.2,20.4,13.3,7.4
"Pahang",1986,331.6,118.2,201.5,7.7,4.2,331.6,40.7,61.4,51.1,45.6,38.7,29.7,28.8,19,10.4,6.2
"Perak",1986,734.2,267.1,440.5,20,6.6,734.2,87.1,123,109.9,92.2,87.9,64.8,61.6,55.5,33.7,18.4
"Perlis",1986,62.6,20.3,39.1,2,1.2,62.6,5.9,12.9,9.9,6.9,5.3,5.2,6.3,4.5,3.5,2.2
"Sabah",1986,441.6,148.2,275.4,11.3,6.6,441.6,56.5,78.1,77.8,62.2,44.7,36.4,33.9,24.4,16.4,11
"Sarawak",1986,674.8,237.5,409.6,17.5,10.1,674.8,111.7,126.9,92.7,84.6,66.1,58.1,45.4,38.7,29.9,20.7
"Selangor",1986,823.7,338.6,465.6,14.5,5.1,823.7,81.7,176.7,154.2,130.6,103.1,63.1,54.9,31.4,18.7,9.2
"Terengganu",1986,241.4,74,155.8,5,6.6,241.4,23.6,46.3,38.3,29.7,24.7,23.4,21.4,13.9,10.9,9.1
"W.P Kuala Lumpur",1986,481.3,224.7,246.9,6.5,3.2,0,0,0,0,0,0,0,0,0,0,0
"W.P Labuan",1986,15.3,6.2,8.7,0.2,0.2,0,0,0,0,0,0,0,0,0,0,0
"Johor",1987,781.8,307.7,448.6,17.8,7.7,781.8,87.4,155.8,126.5,107.4,84.7,64.7,62.5,47.1,28.9,16.9
"Kedah",1987,456.5,147.6,288.7,11.3,8.9,456.5,47.9,79.6,62.7,58.8,55.7,43.3,42.1,31.7,20.6,14.1
"Kelantan",1987,375,99.2,253.8,11.1,10.9,375,28.6,65.1,56.1,45.8,40.8,37.1,36.7,25.9,22.1,16.9
"Melaka",1987,192.1,72.3,113.8,3.9,2.1,192.1,21,35.5,28.6,25,21.6,19.5,16.5,12.6,7.3,4.5
"N. Sembilan",1987,240,81.3,149.7,6.4,2.6,240,21,41.3,38.9,37.1,33.4,20.1,19.9,14.3,9.3,4.8
"P. Pinang",1987,432.8,188.9,231.1,8.7,4.1,432.8,40.4,90.8,77.3,62.2,51.3,38.7,27.9,21.7,13.3,9.3
"Pahang",1987,354.1,122.1,222.1,6.7,3.2,354.1,42.3,63.2,58.3,48.8,43.5,31.9,28.8,19.4,10.7,7.2
"Perak",1987,728.8,267.3,428,23.5,10,728.8,82.6,123.7,106.7,89.4,86.1,65,65.2,49.9,36.2,23.9
"Perlis",1987,64.9,19.5,42.7,1.7,1,64.9,6.5,10.8,9.1,8.7,8.6,6.8,4.8,3.6,4.1,2
"Sabah",1987,466.5,156.7,290.3,12.1,7.3,466.5,63.1,77.9,82.1,66.1,53.6,34.3,37.7,24.5,16,11.2
"Sarawak",1987,712.2,259.7,422.9,18,11.6,712.2,118.1,131.6,102.9,85.9,74.7,59.4,51.2,37.3,31.1,20.1
"Selangor",1987,916.6,373,520,16.9,6.6,916.6,85.3,198.7,173.8,141,107.3,75.5,62.3,42,20.4,10.4
"Terengganu",1987,236.5,76.5,148.6,6.7,4.6,236.5,26,42.8,37.3,31.4,24.6,24.3,17,14.7,11.1,7.3
"W.P Kuala Lumpur",1987,485.5,220.6,254.7,6.6,3.5,0,0,0,0,0,0,0,0,0,0,0
"W.P Labuan",1987,13.6,4.9,8.3,0.2,0.2,0,0,0,0,0,0,0,0,0,0,0
"Johor",1988,837,321.9,491.9,15.8,7.4,837,98.5,156.5,133.4,119.9,98.1,78.7,59.3,46.1,26.6,19.8
"Kedah",1988,496.1,156.6,315.2,15.7,8.6,496.1,51.3,87.1,67.9,64,52.7,44.2,44.6,39.3,28.8,16.1
"Kelantan",1988,393.9,113.3,256.1,10.1,14.5,393.9,39,67.2,55.1,47.8,48.7,40.3,31.6,27.3,20.3,16.6
"Melaka",1988,190.9,77.7,106.4,5,1.9,190.9,20.4,36.4,27.6,24.2,22.8,21.5,15.6,11.3,6.2,4.9
"N. Sembilan",1988,242.5,87.8,147.6,4.8,2.3,242.5,25.1,44,37.3,33.8,31,21.4,20.5,16,8.4,5
"P. Pinang",1988,427.8,190.2,226.7,7.5,3.4,427.8,39.4,93.2,79.3,56.3,47.2,37.7,32.5,24.1,10.3,7.7
"Pahang",1988,374.8,132.4,231.3,6.2,5,374.8,44.1,71.8,64.6,48.3,42.7,35.5,30.4,21.8,10.1,5.6
"Perak",1988,715,269.9,418.6,20.3,6.2,715,76.5,131.4,93.5,87.2,83.8,66,61.5,56.3,36.1,22.7
"Perlis",1988,70.9,20.1,48.2,1.4,1.2,70.9,5.3,11,11.6,10.3,8.7,6.2,6.4,5.8,2.7,3
"Sabah",1988,462.6,159.5,283.2,12.7,7.2,462.6,55.6,79.6,78.2,69.2,54.5,35.6,35.5,24.9,18.1,11.2
"Sarawak",1988,710.3,258.8,422,17.7,11.8,710.3,119.3,129.4,104.2,86.8,71.4,58,52.2,38.8,31.6,18.7
"Selangor",1988,949,382.1,546,14.8,6.1,949,88.4,191.4,181.6,152.7,113.2,79.4,63.5,43.7,20.6,14.4
"Terengganu",1988,253.6,86.2,155.8,6.2,5.4,253.6,30.3,46.2,40.4,29.7,26.6,23.2,20.9,17.1,11.1,8.1
"W.P Kuala Lumpur",1988,498.7,220.5,265.3,7.7,5.1,0,0,0,0,0,0,0,0,0,0,0
"W.P Labuan",1988,13.8,5.2,8.2,0.2,0.2,0,0,0,0,0,0,0,0,0,0,0
"Johor",1989,861.8,338.5,496.8,19.5,7,861.8,92.4,170.9,144.2,116.5,99,78.2,62.4,51.3,29,17.9
"Kedah",1989,470,157.3,292.7,13.8,6.3,470,48.2,78.6,70.3,58.1,56.6,46.6,37.1,33.3,23.4,17.8
"Kelantan",1989,388.3,106,263.9,10.3,8.2,388.3,37.6,63.2,58.8,49.1,40.4,39.5,38.7,28.7,17.3,15.2
"Melaka",1989,197.8,77.3,114.4,3.7,2.3,197.8,18.8,38.8,32.4,26.2,22.6,19,14.1,12.4,7.4,6.1
"N. Sembilan",1989,241,81.8,151.1,5.1,3,241,24,36.3,38.2,35,33.9,23.9,19.2,15.6,8.9,6
"P. Pinang",1989,453.9,207.8,234.5,7.9,3.7,453.9,39.9,102.1,77.1,63.6,55.3,41.1,31.8,23.3,12.4,7.3
"Pahang",1989,393.8,138.6,245,7,3.3,393.8,42,72.6,62.7,55.1,47.6,39.3,30.9,24.9,12.6,6.2
"Perak",1989,726.5,265.5,431.9,21.8,7.1,726.5,74.9,120.1,108.1,90.2,79.2,76.4,66.5,54.9,33.6,22.5
"Perlis",1989,70.9,21.5,46.8,1.1,1.5,70.9,5.4,12.8,9.6,10.4,9.6,6,6.8,5.4,2.8,2.2
"Sabah",1989,477.5,162.7,297.9,10.4,6.5,477.5,60.9,79.3,76.8,73.6,59.5,37.2,36.5,26,17.8,9.8
"Sarawak",1989,760,273.1,458.5,17.4,11,760,123.7,137.8,112.4,88.9,80.9,64.5,55,40.9,34.2,21.8
"Selangor",1989,936.8,379.7,533.4,15.6,8,936.8,79.8,195.2,185.5,147.8,117.2,78.5,61.7,41.2,19.3,10.6
"Terengganu",1989,262.1,90.6,160.5,7,3.9,262.1,30,49.6,44.3,35.1,24.9,21.7,20.6,20.2,9.5,6.2
"W.P Kuala Lumpur",1989,524.3,227.5,283.3,7.8,5.7,0,0,0,0,0,0,0,0,0,0,0
"W.P Labuan",1989,14.7,5.4,8.9,0.2,0.2,0,0,0,0,0,0,0,0,0,0,0
"Johor",1990,949.1,377.4,545.3,18.5,7.8,949.1,115.5,172.5,156.9,134.3,110.7,95.3,63,56.6,25,19.3
"Kedah",1990,489.3,159.4,311.2,13.1,5.6,489.3,49.3,85.3,70,63.7,56.1,54,37.5,34.9,20.8,17.6
"Kelantan",1990,390.7,103.6,264.7,12.5,9.9,390.7,37.2,59.3,54.9,50,44.3,39.4,40.9,29.8,19.3,15.7
"Melaka",1990,187.8,71.4,109.4,5.4,1.6,187.8,19.2,34.7,31.5,26.4,19.4,16.5,14.2,14.6,6.7,4.6
"N. Sembilan",1990,224.5,70.9,146.4,4.6,2.5,224.5,18.6,36.1,33.4,32.2,27.7,25.3,17.8,18.5,9.3,5.6
"P. Pinang",1990,470.3,212.1,245,8.9,4.3,470.3,47.9,103.7,89.8,60.7,55.6,41.5,26.3,24.4,11.4,8.8
"Pahang",1990,442.5,150.5,281.1,7.8,2.6,442.5,42.5,83.3,74.2,62.4,55,47.4,32.3,26.1,12.4,6.8
"Perak",1990,706.8,256.5,422,20.8,7.5,706.8,71,108.5,106.4,96,81.6,70.5,58.7,53.2,35.2,25.7
"Perlis",1990,59.7,14.7,43.3,1.2,0.5,59.7,3.5,9.9,7.4,8.5,8.6,5.6,4.8,4.8,3.6,3.1
"Sabah",1990,479.9,175.2,287.7,11.9,5,479.9,60.4,81.6,72.2,73.5,58.5,40.5,34.5,28.1,18.6,11.9
"Sarawak",1990,775.4,281.2,463.9,18.5,11.7,775.4,121.1,139.7,117.5,95.6,83.5,65.5,55.8,42.2,31.1,23.4
"Selangor",1990,1060,458.3,575.9,16.1,9.7,1060,92.1,234.5,212.4,166.8,124.1,90.2,63.2,45.4,19.3,12.1
"Terengganu",1990,244.6,84.9,149.6,6,4,244.6,32.3,41.9,36.1,28.8,24.6,24.3,20.6,18.2,10.5,7.3
"W.P Kuala Lumpur",1990,503.9,226.2,265.2,7.7,4.8,0,0,0,0,0,0,0,0,0,0,0
"W.P Labuan",1990,15.7,4.6,10.6,0.1,0.4,0,0,0,0,0,0,0,0,0,0,0
"Johor",1992,947.1,378.5,539.1,17.9,9.1,947.1,92,183,172.1,134.2,107.2,93,62.6,53.3,31.6,18.1
"Kedah",1992,514,166,326.2,15.5,6.2,514,48,82.8,72.8,69.6,64.1,56.1,41.5,35,25.7,18.4
"Kelantan",1992,404.1,105.2,277,12.3,9.5,404.1,35.2,56,58.7,55.7,47.8,39.5,38.1,31.2,22.8,19.1
"Melaka",1992,214.4,80.9,127.4,3.4,2.6,214.4,22.7,36.6,33,32,22.1,22.6,17.8,15.3,7.7,4.6
"N. Sembilan",1992,259.8,82.5,165.9,7.3,3.4,259.8,20.9,40.6,37.6,40.5,37.8,27.9,19.2,17.5,11.8,6
"P. Pinang",1992,521.4,235.2,270.7,9.5,5.7,521.4,44.5,114.4,96.3,76.4,55.7,49,38.7,27,12.5,6.8
"Pahang",1992,428.9,142.3,272.8,9,4.6,428.9,39,71.5,69.6,61.3,51.2,46.3,35.3,28.3,17.4,9
"Perak",1992,719.7,245.4,446.4,19.8,8.1,719.7,62.1,107.1,107,95,88.9,80.5,63,53.9,37.9,24.2
"Perlis",1992,68.8,19.1,47,1.4,1.3,68.8,4.9,11.1,8.5,8.2,8.7,7.7,6.5,6.1,3.6,3.5
"Sabah",1992,524.3,180.8,319,15.2,9.2,524.3,65.2,91,72.3,79.8,66.3,52.9,32.7,33.6,18.6,11.8
"Sarawak",1992,771.1,278.3,464.7,18.2,9.8,771.1,101.8,145.6,120.7,95.3,83.6,69,55.7,45.5,30.3,23.5
"Selangor",1992,1092.8,456.6,607,18.1,10.3,1092.8,87.4,231.1,221.5,171.7,143.4,99.6,62.5,41.5,21,13.1
"Terengganu",1992,267.7,86.8,167.7,6.8,5.7,267.7,28.4,45.5,40.7,37,31.2,21,24.2,18.4,13.6,7.7
"W.P Kuala Lumpur",1992,569.6,254.8,299.5,9,6.3,0,0,0,0,0,0,0,0,0,0,0
"W.P Labuan",1992,15.4,5.8,8.7,0.5,0.4,0,0,0,0,0,0,0,0,0,0,0
"Johor",1993,1003,389.6,584.4,19.8,9.3,1003,115.8,184.6,161,135.5,132,101.4,71,52.1,33.1,16.6
"Kedah",1993,492.8,148.2,327.3,10.2,7.1,492.8,48,70.8,65.7,74.1,63.3,58.3,38.4,34.6,25.5,14
"Kelantan",1993,413.7,104.9,290.5,11.3,6.9,413.7,38,52.1,58.9,44.6,48.8,49.2,45.1,35,24.4,17.5
"Melaka",1993,225.6,82.2,135.5,6,1.9,225.6,20.9,37.5,28.9,32.3,36.5,24.9,16.1,14,9.1,5.4
"N. Sembilan",1993,292.6,97.7,185.7,5.6,3.6,292.6,26.8,41.6,49.2,42.2,41.4,32.2,20.2,17.5,13.1,8.3
"P. Pinang",1993,543.1,208.2,323.5,8.6,2.8,543.1,43.2,108.5,93.2,96.7,65.8,54.3,39.6,22.2,13.1,6.5
"Pahang",1993,393.2,130.8,254.6,4.1,3.7,393.2,37.6,66,59.7,58.8,43.2,44.4,37.4,24.9,12.7,8.6
"Perak",1993,699.6,236.1,442,17,4.5,699.6,62.9,95.1,93.6,93.2,91.6,87.2,64.1,54.4,38.1,19.5
"Perlis",1993,71.7,18.5,48.7,3,1.5,71.7,3.9,10.3,10.8,13.3,6.8,5.4,5.7,8.2,3.6,3.8
"Sabah",1993,725.3,263.6,434.8,17.6,9.3,725.3,73.3,140.8,136,116.4,85.8,60.3,42.1,34.4,22.4,13.7
"Sarawak",1993,810.2,286.1,497.3,16.6,10.3,810.2,100.3,140.1,126.4,110.1,95.5,74.9,61.6,46.7,31.8,22.8
"Selangor",1993,1110.1,429.2,646.7,21.1,12.5,1110.1,89.6,209.5,210,185.3,148.9,120.8,65.3,46.5,21.8,12.6
"Terengganu",1993,302.1,98.9,191.3,7.1,4.4,302.1,34,48.2,45.2,43,35.4,31,22.3,23.5,11.4,8.3
"W.P Kuala Lumpur",1993,598.6,256.5,323.1,11.8,6.9,0,0,0,0,0,0,0,0,0,0,0
"W.P Labuan",1993,18.4,6.3,11.9,0.2,0,0,0,0,0,0,0,0,0,0,0,0
"Johor",1995,915.4,339.1,552.3,19.1,4.8,915.4,74,165.9,147.2,133,117.3,101.3,73.7,48,37,18.1
"Kedah",1995,531.7,163.3,346.7,17.4,4.2,531.7,42,87.6,73.3,72.8,67,64,47.2,34,25.3,18.5
"Kelantan",1995,427.6,106.5,299.3,13.2,8.7,427.6,38.9,54.5,50.1,60.1,59,44.5,44.2,35.5,22.6,18.3
"Melaka",1995,227.9,84.6,136.2,5.9,1.3,227.9,19.5,39.5,33.8,32.9,31.4,25.7,19.5,12.3,8.5,4.8
"N. Sembilan",1995,305.6,95.5,200.5,7,2.6,305.6,27.8,44.7,41.2,42.5,41.2,36.5,29.8,20.1,14.4,7.4
"P. Pinang",1995,492.7,214,266.7,9.2,2.7,492.7,37.6,105.4,82.6,71.7,58.2,53,39.1,24.6,13.3,7.4
"Pahang",1995,385.1,125.2,245.6,10.1,4.2,385.1,30.1,55.8,54.6,60.1,56.1,46.2,36,20.7,18.4,7
"Perak",1995,659.9,215.2,420.8,19.5,4.2,659.9,52.6,91.2,78.3,85.7,95.2,78.7,72.7,53.1,33.8,18.7
"Perlis",1995,71.8,18,51.1,2.2,0.5,71.8,5.9,8.8,8.8,9,9.7,9.9,7.3,5.5,3.5,3.3
"Sabah",1995,764.7,263.6,470.5,20,10.7,764.7,74.6,133.9,140.4,125.5,95.3,72.2,45.2,37.3,22.7,17.7
"Sarawak",1995,828.6,276.8,519.7,20.6,11.5,828.6,88.5,139,127.7,117.6,98.3,84.8,65.5,51.2,31.2,24.9
"Selangor",1995,1366,550.1,785.9,23.8,6.1,1366,90.9,269.3,262.5,223.5,187.5,136.8,92.2,54.1,33.5,15.6
"Terengganu",1995,284.9,93.5,179.4,7.6,4.4,284.9,26.6,45.8,41,44.6,36.2,27.6,22.9,18.9,14,7.4
"W.P Kuala Lumpur",1995,598.4,242.3,338.4,12.3,5.4,0,0,0,0,0,0,0,0,0,0,0
"W.P Labuan",1995,32.6,11,21,0.5,0.1,0,0,0,0,0,0,0,0,0,0,0
"Johor",1996,1018.4,374.8,615.9,21.4,6.1,1018.4,81,189.3,166.9,146.3,131.1,118.1,82.3,54.5,31.3,17.7
"Kedah",1996,549.8,160.4,366.5,16.6,6.1,549.8,43.3,85.2,71.4,72.1,66.5,61.4,59.2,43,27.2,20.4
"Kelantan",1996,460.8,109.9,326.1,13.9,10.8,460.8,34.6,62,61.2,60.1,59.9,52,41.2,40,32.9,16.9
"Melaka",1996,240.6,83.4,151.3,4,1.9,240.6,18.5,41.6,36.1,35.1,33.2,27.4,20.3,13.6,8.2,6.7
"N. Sembilan",1996,327.5,112.3,205.7,6.9,2.8,327.5,26.3,51.2,49.4,47.3,46.3,40,27.9,19.5,12.6,6.9
"P. Pinang",1996,452.4,178.4,262,7.8,4.2,452.4,25.4,93.4,84.2,69.6,58.5,44.9,34.4,23.1,12.1,6.8
"Pahang",1996,417,133.9,270.7,9.5,3,417,35.3,62.8,60.5,59.6,59.9,45.4,40.4,26.7,16.2,10.2
"Perak",1996,746.9,241.9,475.1,25.3,4.6,746.9,63.8,101.9,96,101.4,100.4,86.3,82.1,52.8,37.6,24.7
"Perlis",1996,71.5,16.4,52.6,1.7,0.8,71.5,4.5,8.6,8,11,10.2,9.1,7.6,5.8,4,2.6
"Sabah",1996,1032.3,380,615.8,25,11.4,1032.3,113.4,207.1,189.2,155.9,125.2,88.7,62,43.3,28.4,19
"Sarawak",1996,869.5,288.9,552.3,18,10.3,869.5,88.2,144.4,137.4,122.2,107.6,87.9,69.1,51.3,35.8,25.7
"Selangor",1996,1371.1,541.6,796.9,23.3,9.2,1371.1,93.7,270.3,254.6,214.8,188.8,141.3,101.9,57.4,30.6,17.7
"Terengganu",1996,308.1,92.7,201.5,8.1,5.9,308.1,27.9,49.7,43.6,45.8,40.4,33,22.4,21.7,14.3,9.4
"W.P Kuala Lumpur",1996,710.8,300.6,389.9,16.2,4,0,0,0,0,0,0,0,0,0,0,0
"W.P Labuan",1996,39.4,13,25.4,0.5,0.4,0,0,0,0,0,0,0,0,0,0,0
"Johor",1997,1076.9,395.6,655.2,18.9,7,1076.9,85.3,199.5,170.8,148.4,137.9,122.1,94.5,54.9,39.5,24.1
"Kedah",1997,616.6,178.1,418.6,13.8,6.1,616.6,51,97.2,79.6,83,75.9,69.3,64.9,41.5,31.8,22.3
"Kelantan",1997,429.3,99.9,308.3,12.8,8.3,429.3,31.9,54.2,52.7,56.7,64.4,46.7,46.3,36.7,23.2,16.4
"Melaka",1997,261.5,93.4,159.7,5.1,3.4,261.5,20.4,47.9,40,38.4,34.8,28.2,22.4,14.5,9.4,5.4
"N. Sembilan",1997,315.7,103.9,202,6.1,3.7,315.7,23.4,50.6,44,45.1,45.7,41.7,28.7,16,12.2,8.3
"P. Pinang",1997,558,224.1,316.1,12.3,5.3,558,31.1,110.8,102.5,80.7,69,58.7,44.8,32.7,17.5,10.2
"Pahang",1997,407.6,129.4,265.5,9.5,3.3,407.6,31.1,62.4,60.2,56.8,53.6,51.3,39.7,27,16.2,9.4
"Perak",1997,760.6,243.7,487.9,21.4,7.6,760.6,54.6,107.3,105.1,105.5,105.6,89.1,79.9,55.9,36.3,21.2
"Perlis",1997,71.8,17.1,51.8,1.6,1.3,71.8,4.8,9.1,7.3,9.6,10.4,8.7,8.3,6.8,4.3,2.4
"Sabah",1997,1048.5,387.9,629.7,17.3,13.7,1048.5,107.8,213.2,197,159.5,125.3,92.8,63.5,44,27.6,17.7
"Sarawak",1997,864.9,285.6,549.9,17.1,12.3,864.9,78.9,146.1,137.9,122.7,106.5,92,70.1,52.3,35.6,22.8
"Selangor",1997,1343,495.1,815.2,18.2,14.1,1343,85.7,248.8,255.4,217.3,190.9,142.7,96.8,61,30.5,14
"Terengganu",1997,292.9,99.9,182.9,6.5,3.6,292.9,25.9,53.8,45.1,39.5,34.7,31.6,23,19.9,11.9,7.4
"W.P Kuala Lumpur",1997,700.7,282.2,396.3,10.9,11.3,0,0,0,0,0,0,0,0,0,0,0
"W.P Labuan",1997,35.9,11.3,24.1,0.4,0.2,0,0,0,0,0,0,0,0,0,0,0
"Johor",1998,1044.3,385.9,630.5,20.3,7.5,1044.3,70.1,181.3,179.2,155.9,141.8,117.2,88.4,59.5,30.4,20.6
"Kedah",1998,587.1,181.4,380.8,14.5,10.5,587.1,44.7,96.5,77.7,77.4,79.6,71.8,55,38.1,29.3,17
"Kelantan",1998,449.1,113.4,311.8,13,10.8,449.1,33.7,55.8,52.6,62.1,57.2,52.3,48.9,40.1,26.7,19.7
"Melaka",1998,248.6,82.8,158.5,4.9,2.4,248.6,14.5,41.1,39.4,38.3,34.7,28.8,23.1,15.9,8.2,4.7
"N. Sembilan",1998,315.7,104.1,201,6.5,4,315.7,25.3,52.7,43.1,42.4,41,40.9,32,19.2,11.9,7.2
"P. Pinang",1998,599.3,236,345.1,11.4,6.7,599.3,35,103.7,106.6,91.2,77.5,65.5,51.7,38.6,17.7,11.8
"Pahang",1998,374.8,114.1,250,8,2.6,374.8,22.7,55.4,56.6,50.2,47.7,48.3,43.4,26.3,14.9,9.5
"Perak",1998,712.7,240,443.9,21.4,7.3,712.7,51.6,104.2,92.6,85.2,90.5,90.6,79.6,58,36.4,24.1
"Perlis",1998,74.2,18.3,52.8,1.7,1.4,74.2,5.1,11.2,7.9,8,9.3,9.5,9.5,6.7,4.5,2.6
"Sabah",1998,1123.7,381.8,701.8,26.6,13.4,1123.7,102.7,214.1,202.5,175,144,104,76.2,48.5,33,23.6
"Sarawak",1998,868.1,283.5,554.9,18.3,11.5,868.1,74.1,144.5,138.8,124.1,109.4,92.3,72.3,55.3,33.6,23.7
"Selangor",1998,1457,543.9,877.3,22.7,12.9,1457,71.2,278.1,276.9,227,210.5,165.9,109,65,35.9,17.5
"Terengganu",1998,305.6,101.4,191.3,7.9,5,305.6,24.8,51.3,43.6,37.9,40.6,33.4,25.3,23.3,14.9,10.5
"W.P Kuala Lumpur",1998,685.6,282.2,384.5,11.5,7.4,0,0,0,0,0,0,0,0,0,0,0
"W.P Labuan",1998,37.9,13.8,22.7,0.4,1.1,0,0,0,0,0,0,0,0,0,0,0
"Johor",1999,1060.4,388.1,648.5,15.2,8.2,1060.4,66.8,192.9,188.2,147,134.8,119.6,91.1,61.4,36.7,21.9
"Kedah",1999,701.4,216.6,457.1,14.5,13.1,701.4,58.9,113.3,93.1,94.6,91.9,80.6,69,43.1,33.8,23.1
"Kelantan",1999,451.1,109.7,317.1,14.3,10,451.1,30.7,57,58.4,56.3,61.6,59.2,46.5,37.8,25.9,17.8
"Melaka",1999,247.9,86.4,153.4,4.6,3.5,247.9,14.2,44.9,39.1,35.2,33.9,27.5,23.5,16.1,8.6,4.7
"N. Sembilan",1999,285.8,94.6,181.7,5.3,4.2,285.8,18.2,43,39.8,39.1,40.7,40.1,30.8,17.6,10.2,6.2
"P. Pinang",1999,617.5,245.2,350.3,11,10.2,617.5,35.4,110.4,112.1,95.5,80.1,61.7,52.2,36.6,21.5,11.8
"Pahang",1999,396.2,129.1,255.6,8.1,3.5,396.2,24.6,59.4,61.8,53.6,53.6,44.7,43.6,29.6,17.1,8.2
"Perak",1999,715.4,232,459.3,16.7,7.4,715.4,49,101.1,96,95.5,94.9,88.5,75.5,58.1,34.2,22.8
"Perlis",1999,81.2,20.4,57.4,2.1,1.2,81.2,5.3,12,8.3,8.7,10.4,12,10.1,6.6,5,2.9
"Sabah",1999,1167.2,415.3,711,25.1,15.8,1167.2,113,225.6,215.6,182.9,146.6,109.3,74.8,48.7,30.4,20.3
"Sarawak",1999,906.9,309.6,567,15.9,14.4,906.9,76.7,151.9,146,128.7,115.2,97.9,73.6,57.6,34.9,24.4
"Selangor",1999,1455,535.9,882.7,22.4,14.1,1455,65,258.4,280.6,218.4,210.5,180.8,118,76.2,31.4,15.9
"Terengganu",1999,312.3,102.7,197,7.2,5.4,312.3,26.2,57.2,44.4,39.6,37.9,34,27.5,21.8,14.2,9.5
"W.P Kuala Lumpur",1999,710.4,289.5,399.8,11.8,9.1,0,0,0,0,0,0,0,0,0,0,0
"W.P Labuan",1999,42.9,13.4,28.3,0.8,0.4,0,0,0,0,0,0,0,0,0,0,0
"Johor",2000,1222.4,474.8,716.5,19.7,11.4,1222.4,82.7,225.1,217.2,175.3,150,136.2,102.2,70.4,40.7,22.6
"Kedah",2000,645.2,191.6,431.3,14.5,7.8,645.2,44.7,92.1,90.2,86.3,88.1,75.8,71.4,46.7,29.8,20
"Kelantan",2000,437.2,102.5,312.2,13.7,8.8,437.2,31.1,51.2,48.9,54.8,60,55.9,50.8,39.5,27.8,17.2
"Melaka",2000,256.9,93.3,156.6,4.7,2.4,256.9,14.6,47.5,38.4,37.8,33.6,28.7,23.6,18.6,8.3,5.8
"N. Sembilan",2000,359.6,119.9,228.6,7.2,3.9,359.6,22.3,60.4,55.8,48.5,50.2,43.9,33,24.7,13.6,7.3
"P. Pinang",2000,682.3,285,375.3,14,7.9,682.3,39.7,131,125.3,99.1,81.2,69.6,59.1,40.2,22,15.3
"Pahang",2000,459.1,132.5,310.7,11,4.9,459.1,27,64.4,63.5,67,58.6,53,55.1,37,23.1,10.4
"Perak",2000,771.3,248.7,494.9,19.4,8.3,771.3,56,106.9,92.3,100.5,104.7,101.2,83.6,64.2,37.1,24.7
"Perlis",2000,77,17.3,56.7,1.9,1.1,77,4.3,10,9,9.7,10,10.5,9.5,5.7,4.9,3.5
"Sabah",2000,991.6,359.9,601.5,17.6,12.6,991.6,104.3,172.3,158.1,150.2,127.5,103.4,79.2,48.5,27,21.1
"Sarawak",2000,915.7,309,571.6,22.7,12.4,915.7,74.4,145.3,131.8,127.5,116.5,100.6,85.4,64.3,40.9,29.1
"Selangor",2000,1715.3,630.1,1045.9,23.4,15.9,1715.3,88.2,311.1,331.1,282,228.6,193.9,147.8,78.1,35.2,19.1
"Terengganu",2000,315.4,99.7,201.8,8.7,5.3,315.4,22.7,49.3,44.2,44.4,41.2,37.1,30.1,20.2,15.1,11.1
"W.P Kuala Lumpur",2000,680.4,286.7,375.8,9.5,8.5,0,0,0,0,0,0,0,0,0,0,0
"W.P Labuan",2000,26.7,7.8,18.1,0.3,0.4,0,0,0,0,0,0,0,0,0,0,0
"Johor",2001,1279,486.9,760.2,21.9,9.9,1279,82.6,231.9,215.5,184.9,163.4,141.6,115.7,76.4,41.6,25.5
"Kedah",2001,727.4,220.6,482.6,13.7,10.3,727.4,52.7,114.2,93.1,95.4,94.4,88.7,79.5,54.5,34.5,20.5
"Kelantan",2001,448,109.5,316.5,14.1,7.8,448,28.9,52.5,47.7,55.9,58,59.2,48.6,44.5,33.2,19.6
"Melaka",2001,272.6,92.5,170.8,6,3.3,272.6,15.4,44.2,41.6,40.8,36.5,34,27,17.9,9.2,5.9
"N. Sembilan",2001,362.8,111.1,240.3,7.3,4,362.8,20.7,56.6,54.8,50.1,47.5,46,38.9,24.6,14.8,8.9
"P. Pinang",2001,733.3,277.1,432.2,12.6,11.3,733.3,39.1,117,132.1,117.5,98.8,85.6,62.8,43.1,23.7,13.7
"Pahang",2001,451.6,138.6,300.3,7.8,4.9,451.6,24.5,63.1,64.7,62.1,59.4,53.8,54.8,38,20.8,10.4
"Perak",2001,761.3,253.3,478.9,20.4,8.6,761.3,50.4,110.4,92.5,101.9,98.8,95.5,85.8,67.4,36.6,22
"Perlis",2001,85.9,20,61.9,2.4,1.5,85.9,5.7,10.7,7.4,9.2,12,12.3,11.1,8.7,5.3,3.5
"Sabah",2001,1048,358.6,651.6,23.2,14.8,1048,105.2,181,163,157,138.9,110.7,88.3,54.7,29.4,20
"Sarawak",2001,918,299.9,586.3,18.1,13.7,918,73.8,135.7,134.4,127.5,120,104.4,85.8,64.4,43.3,28.7
"Selangor",2001,1552.5,568.5,950,19.5,14.4,1552.5,71,254.7,308,262,220.1,174,132.5,80.6,32,17.6
"Terengganu",2001,307.1,94.5,199.9,7.4,5.2,307.1,22.9,48.6,39.4,42,43.4,37.9,27.7,20.6,15.8,8.8
"W.P Kuala Lumpur",2001,723.2,294.9,406.2,9.4,12.4,0,0,0,0,0,0,0,0,0,0,0
"W.P Labuan",2001,28.7,10.4,17.6,0.1,0.6,0,0,0,0,0,0,0,0,0,0,0
"Johor",2002,1259,442.1,785,18.3,13.7,1259,81.5,215.2,195.4,187.4,173.8,136.6,119.3,80.7,44.8,24.3
"Kedah",2002,666.5,194.1,448.1,14.5,9.8,666.5,46,99.8,82.5,79.6,85.6,89.1,76.3,52.6,29.2,25.8
"Kelantan",2002,439.7,105.8,309.5,14.3,10.1,439.7,26,53.1,48.4,55.7,58.5,54.3,49,43.5,30,21.3
"Melaka",2002,236.2,77.3,151.1,4.9,2.8,236.2,13.2,34.8,36.1,33.1,33.4,30.1,24.5,16.9,9.1,5
"N. Sembilan",2002,337.2,100.6,225.9,7.2,3.5,337.2,19.3,48.4,48.2,46.2,46.4,42.8,37.9,26.7,13.1,8.2
"P. Pinang",2002,657.2,266,369.7,12.2,8.9,657.2,26.5,110.4,126,104.2,86.3,67.7,59.6,43.2,21.8,11.4
"Pahang",2002,419,126.6,279.8,9.3,3.3,419,21.6,56.9,62.3,60.8,54.6,53.7,42.3,31,23.6,12.3
"Perak",2002,820.6,264,527.1,19.5,10,820.6,46.6,109.1,103,104.2,109.8,111.3,104.1,68.7,39.2,24.7
"Perlis",2002,58.8,13.5,43.2,1.4,0.7,58.8,4,7.3,6.1,7,6.4,8.2,8,5.6,3.9,2.5
"Sabah",2002,1093.2,402.2,648.3,25.2,17.3,1093.2,112,189.1,170.8,155.9,143.1,116.8,90.8,63.7,30.4,20.6
"Sarawak",2002,955.8,300.8,619.5,23.4,11.9,955.8,64.1,138.8,135.9,125.6,121.1,106.7,123.8,67,44.4,28.3
"Selangor",2002,1803.2,641.7,1116,26.1,18.9,1803.2,72.5,304.6,344.2,303.5,251.3,204.7,153.7,101.1,46.7,20.9
"Terengganu",2002,288.9,89.2,187,6.8,5.8,288.9,20.8,43.5,39.6,38.4,40,34.9,31.4,19.7,12.4,8.3
"W.P Kuala Lumpur",2002,816.9,346,447.2,11.9,11.7,0,0,0,0,0,0,0,0,0,0,0
"W.P Labuan",2002,34,12.1,20.8,0.4,0.7,0,0,0,0,0,0,0,0,0,0,0
"Johor",2003,1315.3,480.1,798.3,23.3,13.5,1315.3,80.1,227.1,209.6,187.5,166.7,146.8,132.7,90.6,47.1,27
"Kedah",2003,680.1,210.8,445.5,14.1,9.7,680.1,45.2,99.7,92.2,89.9,92.3,81.6,75.1,52,29.3,22.8
"Kelantan",2003,491.6,124.3,340.9,15.4,10.9,491.6,31.8,64.2,54,60.9,64.4,60.7,55.6,45.1,34,20.9
"Melaka",2003,280.6,104.4,167.3,6,2.8,280.6,19.8,52.3,41,37,36.4,31.6,26.7,17.7,12.4,5.7
"N. Sembilan",2003,352.3,114.7,226.4,7,3.9,352.3,21.1,52.3,52,43,46.8,43.4,39.1,30.7,14.6,9.4
"P. Pinang",2003,686.3,257.3,404.3,16,8.7,686.3,25.5,107.8,128.8,100.7,93.6,75.1,70,48.8,24.7,11.4
"Pahang",2003,477.1,155.9,304.9,10.1,6.2,477.1,29.6,71.8,68.9,63.5,59.4,55.9,51.7,40.3,22.3,13.7
"Perak",2003,771.4,256.5,487.5,19.2,8.1,771.4,44.6,113.5,95,94.7,95.1,100,91.8,69.8,41.7,25.3
"Perlis",2003,80.1,20.6,56.1,1.9,1.5,80.1,5.2,11,9.2,9.1,9.5,12,8.7,7.4,4.5,3.4
"Sabah",2003,1134.5,416.8,675.7,22.4,18.9,1134.5,111.6,195.1,177.3,158.9,150.3,124.1,95.4,67,35,19.8
"Sarawak",2003,946.4,303.8,609.4,19.4,13.7,946.4,62.2,139.1,136,129.6,125.7,111.7,93.6,70.9,46.3,31.2
"Selangor",2003,1895.3,672.5,1176.3,30,16.4,1895.3,71.6,304.1,358.1,321.5,270.2,223.1,164,112.2,46,24.4
"Terengganu",2003,355.1,112.6,226.7,9.7,6.1,355.1,24.5,54.6,46.9,45.1,45.1,43.2,39.5,24.8,19.9,11.6
"W.P Kuala Lumpur",2003,740.3,302.8,416.8,10.6,10,0,0,0,0,0,0,0,0,0,0,0
"W.P Labuan",2003,33.3,14.3,18.1,0.5,0.5,0,0,0,0,0,0,0,0,0,0,0
"Johor",2004,1278.8,472.5,769.6,21.6,14.9,1278.8,70.4,207.2,214.1,188.8,163.8,144.9,122.3,89.7,48.3,29.3
"Kedah",2004,680.3,218.9,434.8,16.2,10.4,680.3,46.5,107.5,93.9,81.9,84.9,80.4,72.7,56.3,34.8,21.3
"Kelantan",2004,455.1,123.4,309.2,14.7,7.6,455.1,24.6,71.7,52.7,45,58.4,57,52.5,44.5,30.2,18.5
"Melaka",2004,269.5,92.3,168.2,5.4,3.6,269.5,14.5,43.3,42.6,36.7,35.9,31.8,27.7,20.3,10.8,6
"N. Sembilan",2004,373.6,124.3,236.9,7.3,5.1,373.6,18,58.4,59.1,51.4,47.6,44.6,41.2,30.6,15,7.7
"P. Pinang",2004,636.7,240,375.5,14.2,6.9,636.7,25.5,89.3,114.4,102.3,82.7,73.4,64,45.1,27.1,12.9
"Pahang",2004,544,171.6,354.7,11.3,6.3,544,36.7,81.7,75.6,71.5,71.5,64.1,57.8,43.4,25.9,15.7
"Perak",2004,818.3,287.1,502.7,18.2,10.3,818.3,48.3,132.7,104.2,95.7,107.3,98.4,91.7,71.6,41.5,26.9
"Perlis",2004,76.3,21.3,51.6,2.1,1.3,76.3,4.1,12.5,9.4,7.6,9.4,9.5,8.7,7.6,4.5,3.1
"Sabah",2004,1156.9,422.9,690.9,26.3,16.7,1156.9,109.7,202.5,177.2,156.7,151.1,128.8,100.6,70,38.5,21.7
"Sarawak",2004,955.2,299.6,621.1,19.3,15.2,955.2,56.7,139.1,138.9,130.3,127,112.9,96.8,74.4,47.8,31.1
"Selangor",2004,2028.1,681.2,1296.7,28.4,21.7,2028.1,81.1,266.3,372.7,351,296,242.8,201.4,134.5,56.5,25.8
"Terengganu",2004,347.9,112.9,218.7,10,6.3,347.9,20.1,57.6,48.8,41.6,46.5,41.8,35.2,28.7,17.1,10.5
"W.P Kuala Lumpur",2004,691.6,264.9,403.3,10.3,13,0,0,0,0,0,0,0,0,0,0,0
"W.P Labuan",2004,34,12.9,20.5,0.4,0.2,0,0,0,0,0,0,0,0,0,0,0
"Johor",2005,1280,478.3,764.5,22.8,14.3,1280,64.7,199,217.1,190.5,170.8,149.4,124.7,90.7,47.8,25.5
"Kedah",2005,677.8,231,421.4,16.2,9.2,677.8,38.1,114.2,96.9,80,86.2,77.6,73,58.1,34.4,19.4
"Kelantan",2005,454.2,134,299.1,12.5,8.6,454.2,21.8,74.4,56.4,42.8,56.1,55,52.9,44.8,29.6,20.4
"Melaka",2005,274.5,95.9,169.4,6.6,2.5,274.5,10.5,44.6,43.8,39.6,37.7,32.4,27.5,20.7,11.8,5.9
"N. Sembilan",2005,386.7,137.8,236.8,6.6,5.5,386.7,19.9,65,62,52.8,47.7,43.7,40.9,30.9,15.6,8.2
"P. Pinang",2005,634.9,240.4,375.1,13,6.5,634.9,23.7,92.9,113.6,101.6,84.8,73.7,61.6,46.4,23.9,12.7
"Pahang",2005,542.7,200.6,326.7,11,4.3,542.7,28.7,101.9,81,66.5,67.4,62.4,55.4,41.8,23.7,14
"Perak",2005,828.8,298.5,503.3,19.5,7.5,828.8,42,142.3,112.5,95.3,105.2,98,91.5,74.4,43.3,24.2
"Perlis",2005,76.2,22.9,49.7,1.8,1.8,76.2,3.5,13.9,9.5,7.5,9.3,9.8,8.5,7,4.3,3
"Sabah",2005,1181.9,429.4,711.6,24.4,16.5,1181.9,108,202.6,189.2,163,151.3,130.8,102.2,74.3,37.6,22.8
"Sarawak",2005,950.3,294,624.6,18.5,13.3,950.3,45.8,135.5,140.3,130,127,118.9,99.9,74.4,48.4,30.2
"Selangor",2005,2048.8,722,1274,32.5,20,2048.8,77.2,254.7,379.7,356.8,296.4,261.7,203.7,141.2,56.7,20.6
"Terengganu",2005,353.1,118.1,221.9,8,5,353.1,17.5,61,54,40.3,45.1,42.4,37,28.9,16.7,10.1
"W.P Kuala Lumpur",2005,691.4,274.4,397.8,9.7,9.4,0,0,0,0,0,0,0,0,0,0,0
"W.P Labuan",2005,32.2,11.9,19.8,0.3,0.2,0,0,0,0,0,0,0,0,0,0,0
"Johor",2006,1285.8,471.6,780.4,20.8,12.9,1285.8,54.3,203.5,218.8,190.1,171.1,150.9,125.5,92.6,49.8,29.2
"Kedah",2006,682.4,223.3,435.1,16,8,682.4,34.2,116.6,105.5,79.9,84.3,80.9,70,57.9,34.3,18.8
"Kelantan",2006,469.8,143.3,306,11.7,8.8,469.8,20.5,76.5,65.7,43.6,55.3,55.3,54.7,46.3,31.3,20.6
"Melaka",2006,276.7,99,167.7,6.1,3.9,276.7,12,43.5,44.9,38.6,37.5,32.7,28.8,21.7,11.4,5.6
"N. Sembilan",2006,394.5,140.5,240.4,7.4,6.1,394.5,16.3,65.4,65.2,52.3,49.5,45.3,41.7,32.3,17.7,8.7
"P. Pinang",2006,658.9,236.7,402.2,10.7,9.2,658.9,24.5,89.6,114.4,105.6,92,77.9,67.4,49.7,25,12.9
"Pahang",2006,571.3,211.9,343.4,10.9,5.1,571.3,27.5,103.1,87.1,68.6,70.5,64.2,57.8,46.3,28.3,17.8
"Perak",2006,845.5,306.7,508.6,22,8.1,845.5,41.3,141.4,119.4,97.2,101.4,99.5,92.8,78.9,45.9,27.6
"Perlis",2006,77,22.4,51.1,1.8,1.7,77,3.7,13.2,10.5,7.7,9.1,9.1,8.6,7.1,4.9,3.1
"Sabah",2006,1230.4,448.3,739.3,23.9,19,1230.4,105.3,217.6,198.5,169.8,152.3,134.9,106.5,79.6,43.1,22.8
"Sarawak",2006,958,303.9,620.9,20.5,12.7,958,49.3,136.2,140.1,129,124,119.1,100.2,78.9,50.1,31.1
"Selangor",2006,2084.4,715.2,1316,29.1,24.1,2084.4,59.5,270.4,382.2,362.4,307,264.1,212.7,143,59.1,24.2
"Terengganu",2006,364.6,120.8,230.8,7.3,5.7,364.6,16.9,58.9,59.4,42.6,46.2,44.2,38.3,29.9,17.4,10.9
"W.P Kuala Lumpur",2006,696.1,267.4,407.6,10,11,0,0,0,0,0,0,0,0,0,0,0
"W.P Labuan",2006,33.7,14.4,18.5,0.4,0.4,0,0,0,0,0,0,0,0,0,0,0
"Johor",2007,1313.6,486.2,790.4,23.4,13.5,1313.6,48.5,209.8,225.6,187.4,174.1,156.9,130.7,98.4,53.3,28.8
"Kedah",2007,693.1,232.2,434.5,15.8,10.6,693.1,33.7,116.5,112,82.7,82.8,80.2,70.6,60,34.2,20.2
"Kelantan",2007,486.2,150.1,312.4,14.6,9.1,486.2,22.6,85,73.9,45.6,49.8,57.1,55.6,46,30.4,20.2
"Melaka",2007,290.4,102.1,179.8,4.9,3.7,290.4,12.4,46.7,48.6,39.1,38.1,34.4,29.5,23.2,11.8,6.5
"N. Sembilan",2007,395.8,144.1,238.8,7.2,5.6,395.8,16.2,64.8,65.7,53.5,50,44.5,41.5,34,16.6,8.9
"P. Pinang",2007,667.6,244.8,403.7,10.6,8.5,667.6,23.5,89.7,112,109.2,94,79.2,67.3,51,27.9,13.7
"Pahang",2007,580.2,199.2,359.7,14.9,6.4,580.2,24.1,97.7,96.2,72.4,69.4,68,59,47.6,29.4,16.4
"Perak",2007,877.9,322.9,520.7,23.4,10.9,877.9,37.4,147.5,133.2,97.9,100.6,101.2,94.8,82.2,52.3,30.8
"Perlis",2007,82.5,25.1,53.7,2.3,1.4,82.5,3.9,14.2,12.7,8.1,8.8,9.7,9.1,7.6,4.9,3.5
"Sabah",2007,1267.7,465.7,758,23.5,20.5,1267.7,107.8,210.2,203.8,174.2,159.5,145.3,112.1,86.1,45.4,23.2
"Sarawak",2007,997.4,307.2,653,19.5,17.8,997.4,50.2,139.1,145.7,135.9,130.7,123,105.7,83.1,51.4,32.6
"Selangor",2007,2128,741.9,1327.9,31.9,26.3,2128,59.6,253.9,378,366.5,318.8,272.9,224.1,161.6,69.7,23
"Terengganu",2007,372.7,125.2,231.7,9.1,6.8,372.7,16.7,61.9,63.1,44.3,44.2,43.3,38.9,31.3,18.3,10.9
"W.P Kuala Lumpur",2007,702.4,265.7,410.2,12,14.5,0,0,0,0,0,0,0,0,0,0,0
"W.P Labuan",2007,34.1,14,18.9,0.7,0.5,0,0,0,0,0,0,0,0,0,0,0
"Johor",2008,1313.1,480.7,791,24.3,16.9,1313.1,48.5,201.3,219.6,195.7,176.5,156.1,132.7,98.1,55.2,29.5
"Kedah",2008,703,233.5,443.2,15.8,10.5,703,30.9,116.9,119.3,84.3,77.9,83.6,73.3,63,35.2,18.6
"Kelantan",2008,500.9,154.3,321,15.5,10.1,500.9,19.3,84.8,86.1,49,47.3,58.5,53.9,49.2,32.1,20.6
"Melaka",2008,290,98.3,181.5,5.8,4.4,290,10.5,42.7,51.1,40.2,37.5,35.2,30.5,22.9,12.7,6.4
"N. Sembilan",2008,399.3,142.1,245.6,6.7,5,399.3,15.1,63.6,68.9,54.1,48.8,45.8,40.8,34.1,19.2,9.1
"P. Pinang",2008,688.4,248,415.3,12,13,688.4,22.5,90.3,114.3,111.1,95.9,82.9,72.5,54.1,28.9,15.9
"Pahang",2008,605.7,212.7,370.8,12.9,9.1,605.7,26.7,101,103.5,74.1,69.9,70.9,61.7,48.5,31.3,18.1
"Perak",2008,892.6,333.4,526,19.6,13.3,892.6,36.7,153.2,149.2,100.1,96.2,102.3,92.9,83.4,50,28.5
"Perlis",2008,84,25.1,55.1,2.2,1.6,84,4,14.1,14.6,8.2,8.5,10.2,9.1,7.5,4.7,3.1
"Sabah",2008,1294.2,475.7,777.9,21.1,19.3,1294.2,114,217.9,212.3,174.6,156.8,144.7,115.3,84.7,48.1,25.7
"Sarawak",2008,973,317.2,619.4,18.3,17.9,973,51.2,134.9,145.6,132,127,119.3,102.4,80.9,49.9,29.9
"Selangor",2008,2159.8,752.3,1340.5,37.3,29,2159.8,66,255.9,359.5,374.5,330.8,278.3,228.9,166.4,71.6,27.9
"Terengganu",2008,388.8,136,236.5,9.1,7.2,388.8,16.2,65.8,71.4,45.5,43.3,45.7,39,31.7,19.4,10.8
"W.P Kuala Lumpur",2008,701,274.1,402.9,10.4,13.6,0,0,0,0,0,0,0,0,0,0,0
"W.P Labuan",2008,34.5,12.4,20.9,0.6,0.4,0,0,0,0,0,0,0,0,0,0,0
"Johor",2009,1350,490.7,816.5,25.9,16.9,1350,44.2,207.8,229.5,199.6,177.4,164.9,135.2,103,60.8,27.5
"Kedah",2009,732.6,243.8,459.6,17,12.1,732.6,31.6,118.5,128.2,92.5,80.4,82.5,74.5,64.1,39.9,20.4
"Kelantan",2009,517.8,158.5,333.6,15.3,10.4,517.8,21.4,84,97.2,54.4,45,58.5,54.6,49,33.1,20.6
"Melaka",2009,290.9,103.6,178,5.3,3.9,290.9,10.4,43.4,51.9,40.8,37.5,34.8,29.6,24,12.9,5.6
"N. Sembilan",2009,402.2,136.5,251.4,7.1,7.2,402.2,12.9,62.9,70.1,56.5,50.7,47.8,40.1,33.9,19.3,8
"P. Pinang",2009,707.1,247,432.5,14.5,13.1,707.1,18.6,89.9,115.9,112.8,104.5,87.8,72.1,58.3,31.2,16
"Pahang",2009,622.3,209.7,391.4,14.3,6.9,622.3,24.3,99.3,111,76.9,70.7,71.5,63.7,52.2,32.7,20.1
"Perak",2009,923.7,356.6,532.6,22,12.5,923.7,39.1,155.8,161.2,107.7,94.3,102.7,94.2,86.6,51.8,30.5
"Perlis",2009,84.3,26.6,54,2.1,1.6,84.3,3.8,14.1,15.5,9,7.8,9.9,9,7.2,4.7,3.3
"Sabah",2009,1345.3,471.9,827,25.3,21,1345.3,107.1,217.3,224.2,184.7,160.9,151.6,126.9,93.4,54.3,24.8
"Sarawak",2009,1024.2,314.5,673.6,19.3,16.8,1024.2,49.1,137.6,153.8,139.3,131.8,124.9,109.4,86.3,57.8,34.1
"Selangor",2009,2173.3,732.8,1376,34.3,29.9,2173.3,56.6,243.1,360.5,375.5,338.4,287.7,227.3,174.5,81.1,28.7
"Terengganu",2009,405.6,140.1,250.3,8.5,6.6,405.6,17.6,67.3,78.8,50.7,42,45.6,38.8,32.5,21.7,10.6
"W.P Kuala Lumpur",2009,698.3,258,414.1,10.5,15.7,0,0,0,0,0,0,0,0,0,0,0
"W.P Labuan",2009,37.6,14.6,21.8,0.6,0.6,0,0,0,0,0,0,0,0,0,0,0
"Johor",2010,1453.5,560.7,847.1,24.5,21.3,1453.5,50.8,239.4,272.8,208.9,182.3,160.2,140.9,106.3,62.8,29.1
"Kedah",2010,746.9,229.7,483.8,17.2,16.2,746.9,30.9,108.4,116.1,95.6,91.1,92,80.2,69.3,42,21.2
"Kelantan",2010,547.2,140.8,376.5,17.2,12.7,547.2,24,62.3,76.5,66,65.4,68.5,64.2,57.7,37.3,25.3
"Melaka",2010,338.6,123,203.2,6.7,5.7,338.6,16.5,52.7,60.1,43.3,39.2,39.9,36.6,27.7,15,7.5
"N. Sembilan",2010,418.3,144.9,260.9,7.4,5.1,418.3,18.4,66,70.8,57,50.2,45.1,42.4,36.6,21.5,10.3
"P. Pinang",2010,759,291.5,441.1,11,15.5,759,26.2,103.9,139,113.9,97.3,89.7,76.1,59.4,35,18.5
"Pahang",2010,608.4,214,373.2,13.3,7.9,608.4,26.1,90.7,117.5,80.8,69.6,64.3,59.9,49.2,30.3,20.2
"Perak",2010,906,322.3,551.3,19.9,12.4,906,34.7,135.3,134.2,112,107.3,105.2,105.2,87.3,52.1,32.7
"Perlis",2010,83.6,24.7,55.7,2,1.2,83.6,4.8,12.9,12.7,9.5,8.6,10,9.6,7.9,4.8,2.9
"Sabah",2010,1480.7,565.4,871.4,21.6,22.2,1480.7,141.6,265,303.3,197.9,167.9,137.7,116.6,85,44,21.6
"Sarawak",2010,1093.7,349.8,703.7,22.4,17.7,1093.7,59.2,158.7,169.6,135.5,136.8,127.6,114.1,90.8,63.1,38.3
"Selangor",2010,2634.4,1013.7,1551.9,40.5,28.3,2634.4,56.8,411.6,592,445,360.7,279.4,230.4,156.6,73.1,28.7
"Terengganu",2010,380.6,125.7,239.3,8.8,6.8,380.6,18.6,59.3,59,48.9,44.1,43.3,41.1,33.4,20.5,12.4
"W.P Kuala Lumpur",2010,812.9,344.5,439.1,12.1,17.1,0,0,0,0,0,0,0,0,0,0,0
"W.P Labuan",2010,40,15.2,23.6,0.5,0.7,0,0,0,0,0,0,0,0,0,0,0
"Johor",2011,1499.9,570.4,884.5,23.4,21.7,1499.9,50.9,240.7,282.9,220.8,185.7,163.8,142.9,109.7,66.8,35.6
"Kedah",2011,770,238.8,498.4,16.8,16,770,31.2,109.4,124,98.1,92.5,90.2,85.8,68.6,44.3,25.9
"Kelantan",2011,555.4,156.3,369.8,15.4,14,555.4,22.2,67.8,82.8,71.2,63.6,66.3,66.7,56.5,37.3,21
"Melaka",2011,343.3,120.5,209.6,7.7,5.5,343.3,15.2,48.6,62.7,47,39.8,38.7,37.4,29.7,16.5,7.6
"N. Sembilan",2011,429.1,141.8,272.1,8.6,6.6,429.1,15.8,65.7,72.1,60.2,51.7,46.1,45.1,39.3,22.6,10.5
"P. Pinang",2011,787.5,297.4,455.1,15,20,787.5,24.6,109.3,140.6,118.4,101.1,89.2,78.5,63.1,39.5,23.1
"Pahang",2011,624.6,218.8,385.6,12.1,8.1,624.6,30.6,91.1,118.6,88,70,64.6,61.1,49.6,30.8,20.2
"Perak",2011,944.6,325.7,582.2,21.2,15.6,944.6,40.2,135.6,140.7,119.2,107.1,107.4,108.3,89.4,59.3,37.3
"Perlis",2011,86.8,27.5,55.7,1.9,1.7,86.8,4.8,14.3,13.9,10,8.6,9.5,9.6,8,5.1,3.1
"Sabah",2011,1562.5,611.6,897.7,26.6,26.6,1562.5,151.2,278.4,306,215.1,176.7,149.5,121.2,91.9,49.8,22.5
"Sarawak",2011,1103.4,351.4,709.5,20.4,22,1103.4,56.8,159.1,179.1,135.9,137,126.5,117.3,92,62.6,37
"Selangor",2011,2710.8,1049.1,1595.4,33,33.2,2710.8,61.6,383.7,599.1,464.8,371.3,294.4,243.9,168.2,85.7,38
"Terengganu",2011,403.2,132,254.5,10.7,6,403.2,19.3,61.4,66.3,51.4,45,44.8,42.2,36.5,22.3,14
"W.P Kuala Lumpur",2011,837.6,363.9,443.4,16.1,14.3,0,0,0,0,0,0,0,0,0,0,0
"W.P Labuan",2011,40.3,15.4,23.7,0.7,0.6,0,0,0,0,0,0,0,0,0,0,0
"W.P Putrajaya",2011,41.9,11.6,29.6,0.4,0.3,0,0,0,0,0,0,0,0,0,0,0
"Johor",2012,1529.4,553.9,918,30.5,26.9,1529.4,48.9,235.3,280.6,231.1,188,166,147.4,121.2,71.6,39.3
"Kedah",2012,810.3,254.9,520.8,19.3,15.3,810.3,36.7,110.1,125.9,102.5,95,93.9,87.8,76.5,51.3,30.6
"Kelantan",2012,592.3,177.4,384.7,15.2,15,592.3,31.5,77,83.7,72.4,66.1,67.5,67.7,59.5,40.9,26
"Melaka",2012,358.8,131.5,212.4,8.2,6.7,358.8,16.2,52.6,64.8,50.2,40.3,39.2,37,31.4,17.3,9.8
"N. Sembilan",2012,455.7,159.6,276.7,12.8,6.6,455.7,21.2,70.8,78.7,60,52.5,46.6,45.6,40.1,25.8,14.3
"P. Pinang",2012,795.8,288.6,473.8,15.5,17.9,795.8,22.5,108.3,143,116.6,101.8,89.5,80,64.4,44,25.9
"Pahang",2012,650.9,221.3,405.6,16.2,7.8,650.9,29.2,95.1,117.1,96.1,72,66,62,54.5,36.8,22
"Perak",2012,955.4,338,579.4,21.7,16.3,955.4,36.6,145.5,147.8,117.1,109.7,102.9,104.6,92,63,36.1
"Perlis",2012,90.6,26.2,60.3,2.3,1.8,90.6,4.5,13.3,14.4,11.1,9.2,9.6,10,8.8,6,3.8
"Sabah",2012,1627.9,651.8,917.2,29.5,29.5,1627.9,154.5,282.1,319.8,225.7,182.6,154.5,127.1,96.8,57,27.8
"Sarawak",2012,1184.9,375.3,758,25.2,26.4,1184.9,65.6,173.1,184.4,148.9,137.5,134.7,121.1,102,74.6,43.2
"Selangor",2012,2842.6,1022.5,1738.5,46.8,34.9,2842.6,58.8,374.2,616.3,501,387.9,320.4,254.8,182.7,101.4,45.2
"Terengganu",2012,401.8,132.8,250.8,10.3,7.9,401.8,18.5,62.4,67.4,51.8,45.1,43.7,42.5,36.2,21.9,12.2
"W.P Kuala Lumpur",2012,842.9,353.9,452.9,17.1,19,0,0,0,0,0,0,0,0,0,0,0
"W.P Labuan",2012,41.3,15.5,24.2,0.8,0.8,0,0,0,0,0,0,0,0,0,0,0
"W.P Putrajaya",2012,40.9,9.5,30.6,0.3,0.5,0,0,0,0,0,0,0,0,0,0,0
"Johor",2013,1598.9,550,990.5,30.8,27.6,1598.9,53.7,231.3,278.9,246.5,194.3,177.6,158.1,130.3,79.7,48.6
"Kedah",2013,862.8,268.8,553.2,23.5,17.3,862.8,34.1,120.4,133.7,109.7,102.2,98.1,93.1,78.5,57.3,35.7
"Kelantan",2013,619.8,187.7,399,19.4,13.7,619.8,29.3,88,88.8,76,67,69,69.5,63.3,44.1,24.8
"Melaka",2013,378.3,129.4,233.4,8.9,6.6,378.3,15.8,53.8,66.4,53.5,42,39.6,38.8,35.4,21.9,11
"N. Sembilan",2013,478.9,166.7,291.5,13.4,7.2,478.9,22.6,72.9,82.6,64.8,55.4,49.1,46.3,42,28.7,14.4
"P. Pinang",2013,826.1,303.8,489.4,15.1,17.8,826.1,22.6,110.4,148.8,125.5,106.7,93.2,82.6,67.7,43,25.6
"Pahang",2013,678.9,228.8,421,18.6,10.5,678.9,27,100,118.4,104.1,76.7,68.7,62.9,56.5,39.3,25.3
"Perak",2013,985.2,372.4,575.4,23.3,14.1,985.2,42.5,158.5,155.1,117.2,111.1,104.1,104.9,92.8,63.9,35
"Perlis",2013,97.9,32.1,61.1,2.5,2.3,97.9,4.7,17.3,15.3,11.7,9.2,9.5,10.2,9.4,6.4,4.2
"Sabah",2013,1801.7,701.5,1036.4,30.6,33.3,1801.7,163.1,319.2,347.9,265.9,201.1,166.7,135.8,104.6,64,33.5
"Sarawak",2013,1234.2,418.9,762.5,26.9,25.9,1234.2,56.5,186.2,202.2,157.3,141.4,137.5,126.2,105.2,78.3,43.4
"Selangor",2013,3006.2,1065,1857.4,46.7,37.1,3006.2,64.4,377.7,630.9,552,408.6,331,271.7,206.4,115.9,47.7
"Terengganu",2013,421.3,139,262.1,10.9,9.3,421.3,19.3,63.2,72.8,54.3,45.8,45.1,43,38.4,25.3,14.1
"W.P Kuala Lumpur",2013,907.3,377.1,495.7,14.9,19.6,0,0,0,0,0,0,0,0,0,0,0
"W.P Labuan",2013,41.8,15.1,25,0.7,0.9,0,0,0,0,0,0,0,0,0,0,0
"W.P Putrajaya",2013,41.2,8.9,31.6,0.3,0.5,0,0,0,0,0,0,0,0,0,0,0
"Johor",2014,1621.1,575.5,988.8,36.2,20.7,1621.1,55.7,235,281.6,251.8,201.3,176.3,152.6,133.2,87.4,46.4
"Kedah",2014,884.1,273.8,569.4,21.3,19.6,884.1,38.4,124.2,141.4,115.9,104.2,99.5,93,81.7,55.8,30
"Kelantan",2014,646.2,203,406.7,20.1,16.3,646.2,26.3,95.1,96.3,80.9,70.5,70.1,72.7,65.2,45.3,23.9
"Melaka",2014,398.3,135.6,247.5,7.2,8.1,398.3,15.8,59.5,68.4,57.7,44.7,39.4,40.3,37,23.7,11.9
"N. Sembilan",2014,480.9,169.7,290.3,12.9,7.9,480.9,19.6,75.2,82.6,67.5,55.9,48.3,45.3,42.8,28,15.7
"P. Pinang",2014,852.5,310,508.9,16,17.7,852.5,21.7,113.1,150.2,134.4,108.8,97.9,85.5,68.3,48.2,24.3
"Pahang",2014,702.1,236.2,437.8,17.3,10.7,702.1,25.3,107.1,120.2,113,78.8,69.9,63.6,57.7,41.8,24.6
"Perak",2014,987.2,366,577.7,25.8,17.7,987.2,39.5,160.4,165.7,120.9,112.5,101.7,102,92.9,59.6,32.1
"Perlis",2014,98.5,33,60.1,2.7,2.7,98.5,3.5,18,16.3,12.9,9.8,9.1,10.1,9,6.4,3.5
"Sabah",2014,1831.6,683.9,1090.8,28,28.8,1831.6,160.1,319.5,352,282.3,206.7,167.8,136.6,107.6,68.2,30.7
"Sarawak",2014,1271.4,420,801.7,21.8,27.8,1271.4,63.9,194,205.9,167.2,139.8,138.5,125.5,108.5,80.9,47.2
"Selangor",2014,3096,1084.3,1927.5,50,34.1,3096,68.4,361.5,646.2,573.1,424.6,349,280.4,210.9,123.8,58.2
"Terengganu",2014,432.8,150.5,263.5,10.3,8.6,432.8,18.2,69.2,73.1,57.9,47.2,45.5,43.5,39.4,25.8,13
"W.P Kuala Lumpur",2014,877,348.4,502.4,13.6,12.6,0,0,0,0,0,0,0,0,0,0,0
"W.P Labuan",2014,43,15.4,26.2,0.9,0.5,0,0,0,0,0,0,0,0,0,0,0
"W.P Putrajaya",2014,40.8,7.5,32.4,0.3,0.7,0,0,0,0,0,0,0,0,0,0,0
"Johor",2015,1633.2,584.4,986.8,37.1,24.9,1633.2,53.5,232.9,276.6,255.6,206.1,179.5,160.3,132.2,92.3,44.2
"Kedah",2015,905.3,287.4,576.1,23.6,18.2,905.3,36,130.5,147.4,121.7,104.3,98.1,93.5,81.3,60,32.4
"Kelantan",2015,676.2,215.2,423.3,20.9,16.8,676.2,29.5,105.6,102.3,86.9,72.5,71.2,71.3,64.7,47.6,24.6
"Melaka",2015,402.4,135.4,249.9,8.4,8.7,402.4,15.6,57.5,72.3,58.2,45.9,39.7,40.2,36.4,24.2,12.4
"N. Sembilan",2015,483.6,160.9,303.7,12,7,483.6,16.4,71.2,86.7,68.2,57.6,49.2,45.6,41.8,30.9,16
"P. Pinang",2015,848.1,307,505.3,13.8,22,848.1,19.4,109.6,151,136.4,106.4,97,84,68.1,50.2,26.1
"Pahang",2015,718.2,240.5,447.1,20.7,9.9,718.2,28,109.2,123,116,83.6,70.2,63.5,56.7,43.5,24.5
"Perak",2015,1014.3,384.7,587.6,21.6,20.4,1014.3,39.5,165.5,175.2,128.9,110.6,102,102.3,93,64.2,33.1
"Perlis",2015,101.1,32.4,64.1,2.7,1.9,101.1,3.5,18.2,17.3,13.6,10.2,8.8,10.3,9.6,6.2,3.6
"Sabah",2015,1863.4,663.9,1129.6,36.4,33.6,1863.4,150.1,325.9,356.6,292.2,212.4,172.8,134.7,111.3,72.9,34.4
"Sarawak",2015,1258.3,417.8,785.5,24.3,30.7,1258.3,52.6,192,206,170.4,138.7,138.2,127.5,108,78.9,46.1
"Selangor",2015,3212.9,1033.4,2083.2,53.8,42.5,3212.9,58,347.8,652.9,610.1,443.1,368.5,305.9,229.1,138,59.5
"Terengganu",2015,438,150.3,267.6,11.6,8.4,438,17.7,69.1,78.7,60.3,48.4,44.8,42.7,38.7,25.3,12.4
"W.P Kuala Lumpur",2015,882.6,340,510.6,15.4,16.7,0,0,0,0,0,0,0,0,0,0,0
"W.P Labuan",2015,41.5,14.1,25.6,1.2,0.6,0,0,0,0,0,0,0,0,0,0,0
"W.P Putrajaya",2015,38.9,7.2,30.9,0.5,0.4,0,0,0,0,0,0,0,0,0,0,0
"Johor",2016,1639.1,611.6,970.5,33.5,23.5,1639.1,56.9,240.5,280.8,254.4,206,181.1,156.1,129.4,92,42
"Kedah",2016,910.9,293.5,573.6,26.9,17,910.9,35.5,132.3,146.2,120,105.8,101.3,94.4,84.9,58.7,31.7
"Kelantan",2016,657.8,209.2,411.2,21.4,16,657.8,25.3,101.5,102.9,85.6,72.5,69.7,68.9,61.6,47.9,21.9
"Melaka",2016,400.8,137.4,246.4,8.9,8.1,400.8,15.6,60.3,67.8,61.1,47.3,39.5,39.6,36.1,23.2,10.3
"N. Sembilan",2016,479.7,165.3,294.5,10.3,9.6,479.7,12,74.5,87.5,68.4,57.7,48.1,45.4,42.2,29.7,14.2
"P. Pinang",2016,845.5,316.8,486.7,18.2,23.7,845.5,18.5,117.5,148.4,135.6,105,97.5,84.8,68.8,47.2,22.2
"Pahang",2016,710.5,238.6,441.2,19.3,11.4,710.5,25.9,100.4,122.8,115.8,84.3,71.9,64.8,57.4,42.4,24.9
"Perak",2016,1023.1,385.4,601.2,18.8,17.6,1023.1,41,153.7,177.8,126.7,116,105.2,102.4,94.4,68.9,36.8
"Perlis",2016,103.1,33.7,65,2.3,2.2,103.1,3.7,18.5,17.3,13.7,10.7,9,10.2,9.9,6.7,3.7
"Sabah",2016,1927.1,721.7,1131.5,37.4,36.4,1927.1,149,348.4,398.6,285,213.9,170.6,140.4,112.1,75,34
"Sarawak",2016,1260.1,429.6,777.7,24,28.9,1260.1,55.1,197,211,169.7,139.4,134.9,125.6,107.8,77.9,41.9
"Selangor",2016,3325,1109.2,2117.8,52,46,3325,51.6,377.2,697.9,621.8,471,372.1,310.4,228.2,138.5,56.3
"Terengganu",2016,447.2,161.9,266.8,9.2,9.2,447.2,19.6,75.9,78.8,60.1,47.8,45.7,41.6,40.9,25.1,11.8
"W.P Kuala Lumpur",2016,855.4,356.5,470.5,12,16.3,0,0,0,0,0,0,0,0,0,0,0
"W.P Labuan",2016,43.6,15.4,26.7,0.9,0.5,0,0,0,0,0,0,0,0,0,0,0
"W.P Putrajaya",2016,38.9,7,31.1,0.2,0.5,0,0,0,0,0,0,0,0,0,0,0
"Johor",2017,1671.7,592.6,1021.5,29.1,28.5,1671.7,55.8,244.8,288.5,264.3,214.1,183,154.7,135.6,89.2,41.6
"Kedah",2017,930.8,321.1,562.9,27.3,19.5,930.8,31.6,131.6,155.3,123,108.1,102,95.2,83.2,63.7,37
"Kelantan",2017,694.8,233.5,425.4,17.9,18,694.8,27.7,114.9,115.1,90.2,73.4,69.6,69,64.7,47.3,22.9
"Melaka",2017,409.4,148.9,243,8,9.5,409.4,13.7,62.7,76.9,61.7,47.1,39.5,39.1,34.7,23.8,10.3
"N. Sembilan",2017,490.7,182.4,285.6,11.1,11.6,490.7,15.8,76.7,90.7,72.2,57.6,49.5,45.8,39.8,28.7,14.1
"P. Pinang",2017,839.5,331.9,469.8,16.8,20.9,839.5,17.7,113.7,149.8,137.2,111.6,93.6,80.1,65.4,47.6,22.7
"Pahang",2017,710.5,247.9,430.8,19.4,12.4,710.5,22.4,102,122.7,118.3,86.3,70.8,63.3,57.4,42.8,24.6
"Perak",2017,1048.4,394,609.6,21.1,23.6,1048.4,40.5,164.4,184.8,137.1,114.7,107.7,104.7,96.1,65.5,32.9
"Perlis",2017,101.4,33.2,62.8,2.8,2.6,101.4,2.7,15.7,17.8,14.5,10.7,8.9,10.2,9.9,7,4.1
"Sabah",2017,1903.4,732.1,1103.7,32,35.5,1903.4,139.7,364.6,381.2,284.8,216.9,170.5,136.4,109.9,69.2,30.1
"Sarawak",2017,1290.7,445,790.9,24,30.8,1290.7,52.6,193.6,219.2,174.6,148.9,133.8,126.7,109.1,83.2,49
"Selangor",2017,3457.6,1152.8,2185.3,62.8,56.8,3457.6,67.7,359.8,686,681.6,498.2,399.7,315.2,235.9,148.9,64.8
"Terengganu",2017,456.4,166.3,270.7,10.8,8.6,456.4,17.2,73.1,85.3,64.9,50.1,44,43.1,38.8,27.7,12.3
"W.P Kuala Lumpur",2017,867.9,349.3,483.5,11.6,23.5,0,0,0,0,0,0,0,0,0,0,0
"W.P Labuan",2017,41.8,14.8,25.5,0.7,0.8,0,0,0,0,0,0,0,0,0,0,0
"W.P Putrajaya",2017,37.7,7.2,29.3,0.5,0.7,0,0,0,0,0,0,0,0,0,0,0
"W.P. Kuala Lumpur",1982,0,0,0,0,0,472.6,57.9,116.2,95,68.6,43.6,36,23.8,16.7,9.3,5.4
"W.P. Kuala Lumpur",1983,0,0,0,0,0,439.6,49.2,112.2,86.6,63.2,42.4,32.2,22,17,9.7,5.2
"W.P. Kuala Lumpur",1984,0,0,0,0,0,504.5,49.8,120.9,104.6,73.5,53.6,40.1,30,17.3,10.3,4.5
"W.P. Labuan",1984,0,0,0,0,0,17.3,2.3,4.3,3.8,2.7,1.5,1,0.7,0.5,0.4,0.3
"W.P. Kuala Lumpur",1985,0,0,0,0,0,509.7,46.1,123.6,104.5,74.6,59.6,36.9,31.1,17.6,11.7,3.9
"W.P. Labuan",1985,0,0,0,0,0,16.3,1.9,3.6,3.7,2.5,1.6,0.9,0.7,0.6,0.4,0.3
"W.P. Kuala Lumpur",1986,0,0,0,0,0,481.3,40.9,113.1,102.6,69.8,53.3,37.8,29.9,18.7,10.1,5.3
"W.P. Labuan",1986,0,0,0,0,0,15.3,1.9,3.3,3.1,2.7,1.7,1,0.6,0.5,0.3,0.1
"W.P. Kuala Lumpur",1987,0,0,0,0,0,485.5,36.5,109,104.9,74.8,58.7,37.6,30.2,18.4,9.1,6.2
"W.P. Labuan",1987,0,0,0,0,0,13.6,1.4,2.5,3.1,2.7,1.7,0.8,0.7,0.4,0.2,0.2
"W.P. Kuala Lumpur",1988,0,0,0,0,0,498.7,34,110,106.2,81,62.8,39.5,30.6,20.1,10.1,4.5
"W.P. Labuan",1988,0,0,0,0,0,13.8,1.5,2.7,2.8,2.8,1.7,0.8,0.7,0.4,0.3,0.1
"W.P. Kuala Lumpur",1989,0,0,0,0,0,524.3,35.3,108.1,113.2,86.4,63.2,47,33.1,23.3,9.9,4.8
"W.P. Labuan",1989,0,0,0,0,0,14.7,1.5,2.6,2.9,2.9,1.9,1,0.8,0.4,0.3,0.2
"W.P. Kuala Lumpur",1990,0,0,0,0,0,503.9,36.5,99.5,107.5,81.9,56.1,48.8,31.2,25.4,11.8,5.3
"W.P. Labuan",1990,0,0,0,0,0,15.7,1.2,2,3.4,3.9,2.5,1.3,0.9,0.2,0.3,0.1
"W.P. Kuala Lumpur",1992,0,0,0,0,0,569.6,39.9,118.5,118.9,90.8,72.6,54.3,33.4,24.6,11.6,5.1
"W.P. Labuan",1992,0,0,0,0,0,15.4,1.9,2.9,2.6,2.6,2.4,1.5,0.7,0.5,0.2,0.2
"W.P. Kuala Lumpur",1993,0,0,0,0,0,598.6,41,112.6,110.7,104.8,85.8,51.5,38.9,33,16.4,3.9
"W.P. Labuan",1993,0,0,0,0,0,18.4,1.8,2.7,3.9,4.3,2.3,1.4,1.1,0.7,0.1,0.3
"W.P. Kuala Lumpur",1995,0,0,0,0,0,598.4,30.1,112.3,112.3,101.1,77.8,67.7,46.9,30.1,14.4,5.9
"W.P. Labuan",1995,0,0,0,0,0,32.6,3.3,5.7,5.8,5.6,4.9,3,2.3,1.1,0.5,0.4
"W.P. Kuala Lumpur",1996,0,0,0,0,0,710.8,40.8,137.3,126.1,111.1,95.5,78.6,59.9,33,18.7,9.7
"W.P. Labuan",1996,0,0,0,0,0,39.4,3.5,8,7.5,9.1,6,3.1,1.2,0.3,0.4,0.2
"W.P. Kuala Lumpur",1997,0,0,0,0,0,700.7,34.6,130.4,130.9,109.8,96.3,81.2,51.7,38,19.2,8.6
"W.P. Labuan",1997,0,0,0,0,0,35.9,2.5,5.4,7.4,4.8,7,3.7,2.3,1.3,0.6,1.1
"W.P. Kuala Lumpur",1998,0,0,0,0,0,685.6,25.5,116.4,143,115.6,95.2,71.7,56.4,35,17.9,9
"W.P. Labuan",1998,0,0,0,0,0,37.9,2.5,7.3,8,6.8,4.3,4.9,2.2,1.1,0.6,0.3
"W.P. Kuala Lumpur",1999,0,0,0,0,0,710.4,25.6,126.8,148.1,115.2,94.7,78.7,58.6,37.4,17.4,7.9
"W.P. Labuan",1999,0,0,0,0,0,42.9,3,7.6,6.7,9.2,4.3,5.7,2.2,2.1,0.5,1.6
"W.P. Kuala Lumpur",2000,0,0,0,0,0,680.4,23.8,116.8,133.4,108.6,96.3,84.5,60.4,33.7,15.6,7.4
"W.P. Labuan",2000,0,0,0,0,0,26.7,1.9,5.3,4.4,4.3,3.8,3.2,1.9,1.2,0.6,0.1
"W.P. Kuala Lumpur",2001,0,0,0,0,0,723.2,22.7,115.5,141.8,118,106.1,89.4,65.8,37.5,18.4,7.9
"W.P. Labuan",2001,0,0,0,0,0,28.7,2.4,5.2,5,5.1,3.7,3.1,2.2,1.2,0.5,0.3
"W.P. Kuala Lumpur",2002,0,0,0,0,0,816.9,24.9,123.5,169,128.2,109.1,100.9,75.5,50.2,25.2,10.6
"W.P. Labuan",2002,0,0,0,0,0,34,2.3,6.2,5.8,5.5,4.7,3.9,2.9,1.8,0.6,0.3
"W.P. Kuala Lumpur",2003,0,0,0,0,0,740.3,22,115,144,124.1,96.4,85.4,69.7,49.9,23.4,10.4
"W.P. Labuan",2003,0,0,0,0,0,33.3,2.2,7.1,5.5,5,4.8,3.4,2.8,1.7,0.6,0.3
"W.P. Kuala Lumpur",2004,0,0,0,0,0,691.6,19.3,75,136.7,125.7,99,85.5,70.1,48.7,21.3,10.2
"W.P. Labuan",2004,0,0,0,0,0,34,3.3,5.8,5.2,5,4.5,4.2,3.1,2.1,0.6,0.2
"W.P. Kuala Lumpur",2005,0,0,0,0,0,691.4,15.7,69.6,136.3,130.5,101.5,85.4,71.1,50.6,21.7,8.8
"W.P. Labuan",2005,0,0,0,0,0,32.2,2.6,5.4,5.2,4.7,4.4,3.8,3.1,2,0.7,0.3
"W.P. Kuala Lumpur",2006,0,0,0,0,0,696.1,16.3,69.8,129.1,131.3,104.6,86,71.2,54.1,23.1,10.5
"W.P. Labuan",2006,0,0,0,0,0,33.7,2.8,6.6,5.2,4.4,4.3,3.7,3.5,2.1,0.7,0.3
"W.P. Kuala Lumpur",2007,0,0,0,0,0,702.4,17.4,72.4,117.6,131.1,109,88,74.8,55.7,26.5,9.9
"W.P. Labuan",2007,0,0,0,0,0,34.1,2.4,6.3,5.4,4.5,4.1,4.3,3.3,2.2,1.3,0.3
"W.P. Kuala Lumpur",2008,0,0,0,0,0,701,15.1,70.7,110.5,130.4,117.3,90.8,75.8,55.6,23.5,11.3
"W.P. Labuan",2008,0,0,0,0,0,34.5,2.3,6.3,5.4,4.6,4.1,4,3.7,2.6,1,0.4
"W.P. Kuala Lumpur",2009,0,0,0,0,0,698.3,13.2,67,101.9,127.4,118.4,95.4,77.2,59,27.3,11.5
"W.P. Labuan",2009,0,0,0,0,0,37.6,2.7,6.8,5.9,4.8,4.5,4.3,4,2.8,1.4,0.5
"W.P. Kuala Lumpur",2010,0,0,0,0,0,812.9,17.4,109.1,168.2,137.3,104.2,91.4,82.1,58.9,29.8,14.7
"W.P. Labuan",2010,0,0,0,0,0,40,2.4,7.1,9.5,5.4,4.5,3.7,3.5,2.4,1,0.5
"W.P. Kuala Lumpur",2011,0,0,0,0,0,837.6,18.3,106.8,175.8,147,109.2,91.7,81.4,61,32,14.5
"W.P. Labuan",2011,0,0,0,0,0,40.3,2.2,6.2,9.7,6.4,4.4,3.8,3.4,2.5,1.2,0.6
"W.P. Putrajaya",2011,0,0,0,0,0,41.9,0.4,4.3,14.1,9.4,4.6,2.9,2.7,2.5,1,0.1
"W.P. Kuala Lumpur",2012,0,0,0,0,0,842.9,17.4,105.2,169.4,151,111.1,93.3,83.6,62.5,33.6,15.9
"W.P. Labuan",2012,0,0,0,0,0,41.3,2,5.9,9.4,7.1,4.6,4,3.4,2.8,1.5,0.6
"W.P. Putrajaya",2012,0,0,0,0,0,40.9,0.2,3.4,12.5,10.7,4.8,2.9,2.6,2.5,1.3,0.1
"W.P. Kuala Lumpur",2013,0,0,0,0,0,907.3,17.4,110,175.3,159.4,120.2,104,86.3,71.9,43.6,19.1
"W.P. Labuan",2013,0,0,0,0,0,41.8,1.9,6.1,8.7,8,4.5,4.2,3.5,2.8,1.6,0.6
"W.P. Putrajaya",2013,0,0,0,0,0,41.2,0.3,2.8,10.3,12.4,5.2,3.2,2.7,2.6,1.5,0.2
"W.P. Kuala Lumpur",2014,0,0,0,0,0,877,15.2,92,167.3,159.7,127.8,101.3,88,70.4,37.9,17.4
"W.P. Labuan",2014,0,0,0,0,0,43,1.6,7.1,7.8,8.6,4.5,4.2,3.5,2.9,1.9,0.7
"W.P. Putrajaya",2014,0,0,0,0,0,40.8,0.3,2.4,8.2,13.4,5.8,3.3,2.7,2.6,1.8,0.1
"W.P. Kuala Lumpur",2015,0,0,0,0,0,882.6,13.4,90.4,162.9,163.7,129.4,100.9,85.4,71.4,44.7,20.5
"W.P. Labuan",2015,0,0,0,0,0,41.5,1.5,5.4,7.3,9.2,5.1,4.2,3.5,2.6,1.9,0.8
"W.P. Putrajaya",2015,0,0,0,0,0,38.9,0.2,2,6.4,13.1,6.4,3.5,2.8,2.5,1.8,0.2
"W.P. Kuala Lumpur",2016,0,0,0,0,0,855.4,11.4,84.8,156.1,159.5,126.2,100.4,87.8,71,42.7,15.6
"W.P. Labuan",2016,0,0,0,0,0,43.6,1.5,6.4,7.8,8.9,5.3,4.3,3.5,3.1,2.1,0.7
"W.P. Putrajaya",2016,0,0,0,0,0,38.9,0.4,2,6.3,13.1,6.5,3.4,2.6,2.6,1.9,0.2
"W.P. Kuala Lumpur",2017,0,0,0,0,0,867.9,13.6,85.5,155.8,161.8,132.4,98.4,90,73.3,42.7,14.5
"W.P. Labuan",2017,0,0,0,0,0,41.8,1.6,6.3,6.9,8.4,5.6,4.1,3.5,2.8,1.8,0.7
"W.P. Putrajaya",2017,0,0,0,0,0,37.7,0.2,2.2,4,12.1,8,4,2.7,2.5,1.9,0.1
