"ConState","Year","AllLabourInsR","InsEmpR","InsUnempR","AllLabourOutR","AllLabourInsU","InsEmpU","InsUnempU","AllLabourOutU"
"Johor",1982,413.7,398.9,14.8,214,239.4,231.3,8.1,131.1
"Kedah",1982,350.2,337.7,12.4,221.7,53.8,51.2,2.5,37.5
"Kelantan",1982,232.4,222.5,9.9,128.9,87,81.7,5.3,60
"Melaka",1982,130.3,124.9,5.3,82.5,43.8,42.2,1.6,26.1
"N. Sembilan",1982,152.4,147.6,4.8,87.5,70.3,68.6,1.7,43
"P. Pinang",1982,199.8,193.1,6.7,115.2,196.1,189.2,6.9,107.3
"Pahang",1982,194.9,189.2,5.7,96.1,84.8,81,3.7,42.6
"Perak",1982,416.1,392,24.1,234.8,222.5,212,10.5,125.3
"Perlis",1982,51.6,49.6,2,34.5,6.5,6.1,0.4,3.3
"Sabah",1982,261.2,253.2,8,177.9,93,90.3,2.7,59.5
"Sarawak",1982,438.7,428.6,10.1,162.8,101,96.1,4.9,67.8
"Selangor",1982,422.4,411.9,10.5,232.7,269.6,265,4.5,124.4
"Terengganu",1982,134.6,131.6,3,62.6,92.6,89.5,3.1,59.3
"Johor",1983,395.3,381.1,14.2,213.5,255.6,242.6,13,130.6
"Kedah",1983,333.4,320.6,12.8,192,54.8,53,1.8,34.6
"Kelantan",1983,218,205.4,12.6,154.2,83.3,77.1,6.2,62.2
"Melaka",1983,131.9,128,3.9,74.9,38.4,37.5,0.9,27.4
"N. Sembilan",1983,145,138.4,6.6,93.2,78.5,76.6,1.8,41.8
"P. Pinang",1983,217.3,207.8,9.5,127.1,203.6,197,6.6,106.6
"Pahang",1983,258.6,252.5,6.2,127.6,84,81,2.9,38.7
"Perak",1983,446,421.9,24.1,233.9,258.9,247.3,11.6,125.9
"Perlis",1983,52.3,50.8,1.5,37.5,13.7,13,0.6,8.2
"Sabah",1983,304.1,291.2,12.9,173.8,89.7,86.5,3.3,50.8
"Sarawak",1983,459.9,437.4,22.5,165.4,109.5,102.7,6.9,64.4
"Selangor",1983,487.1,475.9,11.2,249.9,270,264,6,113.5
"Terengganu",1983,159.3,155.8,3.5,85.5,83.8,81.1,2.7,53.2
"Johor",1984,443.3,423.4,19.9,237.6,244.9,233.9,11,134.6
"Kedah",1984,386.7,365.1,21.6,237.3,55.9,52.5,3.3,39
"Kelantan",1984,248,234.3,13.7,150,93,88,4.9,63.1
"Melaka",1984,134.4,126.8,7.6,88,37.4,35.8,1.6,21.8
"N. Sembilan",1984,148.1,140.3,7.7,84.9,86.8,83,3.8,53.2
"P. Pinang",1984,213.3,206.2,7.1,136.6,184.5,177.5,7,109.2
"Pahang",1984,228.8,218.8,10,114.9,92.9,88.1,4.8,48.1
"Perak",1984,449.7,424.9,24.8,237.3,247.6,234.7,12.9,139.8
"Perlis",1984,59.9,57.1,2.7,36.8,4.9,4.7,0.2,3.3
"Sabah",1984,332.1,314,18.1,142.7,93.9,86.4,7.5,51.7
"Sarawak",1984,508.7,476.4,32.3,158.6,108,98.9,9.1,58.3
"Selangor",1984,443.7,424.1,19.6,246.4,275.1,266.2,8.9,134.5
"Terengganu",1984,126.7,119.1,7.6,73.2,92.6,85.3,7.3,56.5
"W.P Labuan",1984,8.2,7.3,0.9,4.8,9,8.6,0.4,3.9
"Johor",1985,460.6,436.1,24.5,223.3,249.8,236.6,13.1,131.4
"Kedah",1985,381.6,354.1,27.5,233.6,63.8,59.8,4,42.4
"Kelantan",1985,255.5,240,15.5,152.2,88.8,83.6,5.2,60.7
"Melaka",1985,140.1,132.6,7.5,84.8,39.9,37.5,2.4,21.1
"N. Sembilan",1985,137.8,131.2,6.6,80.3,83.3,79.6,3.7,55
"P. Pinang",1985,225.1,213,12.1,148.3,183.4,175.1,8.3,110.1
"Pahang",1985,247.1,237.5,9.6,118.1,95.6,90.4,5.2,48.4
"Perak",1985,453.5,427.2,26.3,254.8,259.6,242.4,17.2,136.1
"Perlis",1985,58.7,54,4.8,30.8,6.7,6.6,0.2,3
"Sabah",1985,334.8,315.2,19.7,148,96.2,88.2,8,51.5
"Sarawak",1985,517.2,484.5,32.7,157.4,115.5,103,12.5,56.7
"Selangor",1985,458.4,433.9,24.5,256.3,282.2,272.2,10,136.8
"Terengganu",1985,132.4,124,8.4,70.7,96.5,88.4,8.1,57.3
"W.P Labuan",1985,7.9,7.1,0.9,4.7,8.3,8,0.4,3.9
"Johor",1986,480.6,451.1,29.5,231.3,270.6,249.3,21.3,136.4
"Kedah",1986,390.8,358.7,32.1,252.2,64.2,59.3,4.9,44
"Kelantan",1986,268.5,250,18.5,155.3,96.7,90.3,6.4,65.9
"Melaka",1986,150.2,135.3,14.9,90.1,37.4,34.5,2.9,23.1
"N. Sembilan",1986,149,139.2,9.8,85.5,80.5,74.3,6.2,48.4
"P. Pinang",1986,249.2,228,21.1,150.9,178.1,163.4,14.6,104.4
"Pahang",1986,244,233.4,10.6,117.3,87.6,82,5.6,48
"Perak",1986,484.2,442.6,41.6,261.9,250,227.3,22.6,128.9
"Perlis",1986,57.2,52.4,4.7,34,5.4,5.1,0.3,3.3
"Sabah",1986,349.5,323.1,26.5,163,92,82.4,9.6,51.4
"Sarawak",1986,548.3,502.6,45.8,150.6,126.4,111.8,14.7,55.1
"Selangor",1986,538.7,506.6,32.1,273.8,285,270.5,14.6,137.5
"Terengganu",1986,146.7,134.1,12.6,69.2,94.7,84.3,10.4,55.4
"W.P Labuan",1986,7.7,6.7,1,4.4,7.6,6.9,0.6,3.4
"Johor",1987,519.3,487.7,31.6,244.8,262.5,245,17.5,135.3
"Kedah",1987,388.6,357,31.6,250.4,67.9,63.1,4.8,40.8
"Kelantan",1987,274.5,258.8,15.8,151.1,100.4,91.7,8.7,66.7
"Melaka",1987,152.3,139.9,12.3,93,39.9,36.8,3.1,24
"N. Sembilan",1987,166.8,153.8,12.9,97.4,73.3,67.9,5.4,44.8
"P. Pinang",1987,252.7,235.9,16.7,161.6,180.2,168.9,11.3,106.6
"Pahang",1987,258.5,247.5,11,122.8,95.5,88.3,7.2,50
"Perak",1987,471.6,434.7,36.9,250.2,257.2,235.8,21.4,132.8
"Perlis",1987,58.4,54.5,3.9,37.4,6.5,6.1,0.4,3.8
"Sabah",1987,379.9,346.7,33.2,166.2,86.6,77.6,9,48.8
"Sarawak",1987,590.6,536.3,54.2,143.9,121.6,105.7,15.9,55.1
"Selangor",1987,602.8,566.9,35.9,304.1,313.8,298.1,15.7,150.3
"Terengganu",1987,142.1,128,14,62.2,94.4,80.9,13.5,54.8
"W.P Labuan",1987,6.6,5.8,0.7,4.1,7.1,6.5,0.6,3.3
"Johor",1988,575.1,545,30.1,265.2,262,247,15,131.3
"Kedah",1988,430.9,397.8,33.1,257.1,65.2,61.5,3.8,38.7
"Kelantan",1988,283.6,261.4,22.2,126.4,110.4,102,8.4,64.8
"Melaka",1988,152.3,139.9,12.4,93.1,38.6,35.5,3.2,22.3
"N. Sembilan",1988,163,154.1,8.9,84,79.5,73.9,5.6,42.3
"P. Pinang",1988,241,224.2,16.8,148.9,186.8,174.7,12,111.7
"Pahang",1988,276.7,259.3,17.4,130.4,98.1,92.2,5.9,55.5
"Perak",1988,462.4,424.5,37.9,262.4,252.6,232.3,20.3,136.8
"Perlis",1988,63.7,58.5,5.2,46.2,7.2,7,0.2,3.7
"Sabah",1988,382.5,351.9,30.6,195.8,80.1,72.7,7.3,46
"Sarawak",1988,588,529.4,58.6,141.7,122.4,107.8,14.6,59.7
"Selangor",1988,619.6,580.4,39.2,307.6,329.4,312.6,16.7,167.3
"Terengganu",1988,148,135.7,12.3,59.3,105.6,94.1,11.5,53.2
"W.P Labuan",1988,7.2,6.3,0.9,4.4,6.6,6,0.6,3.5
"Johor",1989,596.6,570.9,25.7,301,265.2,251.4,13.8,138.3
"Kedah",1989,409.7,386.8,22.9,250.8,60.3,56.5,3.8,38
"Kelantan",1989,282.8,266.1,16.7,159.1,105.6,97.7,7.9,64.5
"Melaka",1989,155.1,145.6,9.5,89.2,42.7,40.3,2.4,23.8
"N. Sembilan",1989,158,149.2,8.8,81.3,83,80,3,43.7
"P. Pinang",1989,255,245.3,9.6,139.2,198.9,190.9,8,113.1
"Pahang",1989,291.2,280.8,10.4,157.1,102.7,98.3,4.3,53.5
"Perak",1989,479.9,454,25.9,282.9,246.6,232.8,13.9,142.2
"Perlis",1989,64.8,60.6,4.2,42.8,6.1,5.8,0.3,3.3
"Sabah",1989,382.6,355.7,26.9,194.8,94.9,86.6,8.3,54.7
"Sarawak",1989,634.9,578.5,56.4,157.2,125.1,108.6,16.5,59.7
"Selangor",1989,603.6,576.9,26.7,316.5,333.2,323.3,9.8,161.5
"Terengganu",1989,160.7,141.7,19,67.3,101.4,88.2,13.2,55.8
"W.P Labuan",1989,7.5,6.7,0.8,5.1,7.2,6.7,0.5,4
"Johor",1990,690.5,665.7,24.7,323.2,258.7,248.3,10.3,126.4
"Kedah",1990,432.4,413,19.4,266.9,56.9,54.7,2.2,34.1
"Kelantan",1990,285.8,277.3,8.5,153.4,104.9,100.4,4.5,66.7
"Melaka",1990,145.3,139.6,5.6,85.2,42.6,40.4,2.2,21.5
"N. Sembilan",1990,152.2,146.2,6,86.2,72.2,69.8,2.4,38.3
"P. Pinang",1990,268.9,261,7.9,135.9,201.4,196.2,5.2,104
"Pahang",1990,328.5,318.7,9.7,185,114.1,110.1,4,60.3
"Perak",1990,476,455.6,20.4,273.6,230.8,222.6,8.2,130
"Perlis",1990,54.6,52.2,2.4,40.1,5.1,4.9,0.1,2.1
"Sabah",1990,377.9,345.9,32,210.2,102,91,11,60.5
"Sarawak",1990,640.2,583.6,56.6,159.6,135.2,115.2,19.9,67.4
"Selangor",1990,675,661.7,13.3,341.8,385,377.7,7.3,173.1
"Terengganu",1990,140.5,132.5,8.1,61,104,95.2,8.9,56.5
"W.P Labuan",1990,7,6.4,0.6,5.4,8.7,8.4,0.3,3.9
"Johor",1992,440.1,430.6,9.5,217.9,507,495.4,11.6,236.1
"Kedah",1992,329,314.4,14.5,204,185,180.6,4.4,101.6
"Kelantan",1992,263.9,248.5,15.4,150.5,140.2,134,6.2,77.7
"Melaka",1992,124.5,120.2,4.3,68.9,89.9,87.2,2.7,47.1
"N. Sembilan",1992,142.3,138.1,4.2,79.4,117.5,113.3,4.2,66.6
"P. Pinang",1992,112.9,110.3,2.6,73.3,408.6,402.4,6.2,220.3
"Pahang",1992,282.9,275.8,7.1,160.4,146,141.2,4.8,75.1
"Perak",1992,308,295.1,12.9,177.4,411.6,397.8,13.8,262.2
"Perlis",1992,49.4,47.7,1.7,32.8,19.4,19.2,0.2,10.7
"Sabah",1992,353.8,335.1,18.7,173.9,170.5,156.4,14.1,107.1
"Sarawak",1992,463.6,427.4,36.2,137.8,307.5,283.9,23.7,152.6
"Selangor",1992,220.3,214.8,5.5,127.2,872.5,854.8,17.6,397.1
"Terengganu",1992,147.5,140,7.6,73.2,120.2,113,7.2,70.1
"W.P Labuan",1992,7.2,7,0.3,5.2,8.2,7.9,0.2,4.3
"Johor",1993,467.6,451.2,16.4,219.5,535.4,523.1,12.3,206.1
"Kedah",1993,318.6,305.7,12.9,196.1,174.2,169.4,4.9,98.8
"Kelantan",1993,274.9,260.8,14.1,169.5,138.8,133.6,5.2,86.6
"Melaka",1993,132.3,128.2,4.1,68.8,93.3,90.2,3,42.6
"N. Sembilan",1993,153.7,149.3,4.4,80.6,138.9,135,3.9,63.3
"P. Pinang",1993,117.8,113.2,4.6,62.5,425.4,417.8,7.6,230.1
"Pahang",1993,265.3,258.7,6.6,157.2,127.9,120,8,74.2
"Perak",1993,315.4,300.2,15.2,186.6,384.1,369.6,14.6,246.3
"Perlis",1993,53.8,52.8,1,35.5,17.9,17.9,0,14.7
"Sabah",1993,484.8,453.8,31,251.7,240.5,220.2,20.3,137.3
"Sarawak",1993,478,450.1,27.9,125.8,332.2,303.7,28.5,147.1
"Selangor",1993,229.8,222.1,7.7,126.1,880.3,858.1,22.2,412.9
"Terengganu",1993,167.8,157.4,10.4,87.5,134.3,123.4,10.8,77.7
"W.P Labuan",1993,11.5,11,0.6,9.5,6.9,6.4,0.5,4.2
"Johor",1995,436.4,425.9,10.6,234.8,479,465.9,13.1,261.5
"Kedah",1995,338,332,5.9,209.4,193.7,189.1,4.6,126
"Kelantan",1995,284,274.3,9.7,164.7,143.6,138.3,5.3,85.9
"Melaka",1995,120.9,118.2,2.7,80.9,107,104.5,2.4,61.3
"N. Sembilan",1995,165.4,160,5.4,98.3,140.2,136.2,4,74.4
"P. Pinang",1995,115.9,114.2,1.7,73.8,376.8,371.6,5.2,214.1
"Pahang",1995,246.2,237.3,9,165.5,138.8,134.1,4.7,81.4
"Perak",1995,292.8,280.2,12.6,206.8,367.2,354.1,13.1,267.3
"Perlis",1995,53.6,52.7,0.9,37.3,18.2,18.1,0.1,12.9
"Sabah",1995,519,490.1,28.9,255.1,245.7,232.6,13.1,139.8
"Sarawak",1995,478.9,458.4,20.5,143.4,349.8,330.7,19,170.2
"Selangor",1995,304.3,296.9,7.4,161.7,1061.7,1042,19.7,479
"Terengganu",1995,151.9,143.1,8.9,89.5,133,124.9,8.1,82.8
"W.P Labuan",1995,20.6,19.5,1.1,12.1,12,11.6,0.4,6.8
"Johor",1996,504.6,493.5,11.1,242.9,513.8,503.1,10.6,265.5
"Kedah",1996,366.3,356.5,9.8,231.3,183.5,179.5,4,130.3
"Kelantan",1996,306,296.2,9.8,174.8,154.8,149.3,5.5,91.1
"Melaka",1996,131.8,129.3,2.4,75.7,108.9,107.6,1.2,53
"N. Sembilan",1996,169.6,164.9,4.8,84.8,157.9,154.4,3.5,77.2
"P. Pinang",1996,116.2,115.1,1,75.9,336.3,334.3,2,218.4
"Pahang",1996,278.7,270.9,7.8,174.8,138.3,135.3,3,84.5
"Perak",1996,312.5,300.5,12.1,191.5,434.3,422.6,11.8,251.9
"Perlis",1996,53.4,52.3,1.1,34.7,18.1,17.8,0.4,12.7
"Sabah",1996,727.6,703.3,24.3,298.7,304.7,289.2,15.5,168.2
"Sarawak",1996,513.1,494.2,18.9,160.5,356.4,337.4,19,152.4
"Selangor",1996,333.4,330.1,3.4,157.3,1037.6,1029,8.7,462.2
"Terengganu",1996,172.7,167,5.7,89,135.5,131,4.5,75.7
"W.P Labuan",1996,19.8,18.8,1,11.8,19.6,18.6,1,9.1
"Johor",1997,511.4,502.8,8.6,256.6,565.5,555.5,10,259.7
"Kedah",1997,414.7,403.7,11,256.7,201.9,197.6,4.3,122
"Kelantan",1997,282.6,271.1,11.5,184.7,146.7,142.6,4.2,91.5
"Melaka",1997,138.6,136.2,2.3,80.6,123,120.9,2.1,52.8
"N. Sembilan",1997,157.9,152.2,5.7,85.2,157.8,155.4,2.4,85.1
"P. Pinang",1997,130.9,129.5,1.4,64.5,427,422.4,4.6,195.3
"Pahang",1997,268.9,260.4,8.5,177.2,138.7,135,3.7,86.6
"Perak",1997,338.1,329.7,8.5,216.1,422.4,414.5,7.9,274.7
"Perlis",1997,51.1,49.7,1.4,36.3,20.7,20.4,0.3,12.1
"Sabah",1997,723.7,691.7,32,365.2,324.9,308.4,16.5,180.6
"Sarawak",1997,495.4,479.5,15.9,162.9,369.5,352,17.5,183.3
"Selangor",1997,328,324.9,3.1,174.3,1015,1004.9,10.1,483
"Terengganu",1997,159,154,5.1,92.3,133.8,128.3,5.5,86.3
"W.P Labuan",1997,19.3,18.5,0.8,10.8,16.7,16.2,0.4,7.7
"Johor",1998,504.6,497.9,6.7,278.1,539.7,529.1,10.6,287.8
"Kedah",1998,378,365.6,12.3,249.1,209.2,201.7,7.5,122.9
"Kelantan",1998,304.5,293,11.6,190.3,144.5,137.7,6.8,91.1
"Melaka",1998,132.6,129,3.5,85.8,116,113.4,2.7,66.9
"N. Sembilan",1998,164.7,158.4,6.3,90,151,146,5.1,81.4
"P. Pinang",1998,145.5,141.5,4,70.9,453.8,443.7,10.1,207.8
"Pahang",1998,238.7,233,5.7,194.3,136.1,131.9,4.2,93
"Perak",1998,321.1,308.6,12.5,207,391.6,376.3,15.3,256
"Perlis",1998,51.8,49.9,1.9,38.5,22.4,21.1,1.3,15.2
"Sabah",1998,783.1,750.3,32.7,380.4,340.6,317.9,22.7,200
"Sarawak",1998,504.1,480.3,23.9,183.4,364,344.1,19.9,189.9
"Selangor",1998,386.8,381.5,5.3,204.4,1070.1,1048.8,21.3,576.9
"Terengganu",1998,174.7,168.8,5.9,100.8,130.9,124.7,6.2,80.4
"W.P Labuan",1998,18.2,17.8,0.5,11.2,19.7,19.2,0.5,8.5
"Johor",1999,506.9,490.3,16.6,317.1,553.5,538.8,14.8,291.7
"Kedah",1999,470.9,454.8,16.2,279.7,230.5,223.9,6.6,142.7
"Kelantan",1999,301.2,292,9.2,192.1,149.9,144.8,5.1,102.1
"Melaka",1999,136,133.5,2.5,84.7,111.9,109.7,2.2,64.7
"N. Sembilan",1999,143.3,136.9,6.3,100.9,142.6,137.9,4.6,91.7
"P. Pinang",1999,149.4,145.9,3.5,75.4,468.1,457,11,198.6
"Pahang",1999,268.9,260.7,8.1,188,127.3,123.7,3.6,92.7
"Perak",1999,317.9,304.2,13.7,210.4,397.4,380.3,17.1,271
"Perlis",1999,58.2,56.4,1.9,39.9,23,22.1,0.9,14.6
"Sabah",1999,800.7,760.8,39.8,407.2,366.5,340.9,25.5,213.3
"Sarawak",1999,410.2,398.1,12.1,121.3,496.7,466.9,29.8,257.3
"Selangor",1999,393.1,386,7.1,212.7,1062,1041.2,20.8,557.1
"Terengganu",1999,177.5,171.3,6.2,93,134.7,128.8,6,89.4
"W.P Labuan",1999,19.9,19.7,0.2,12.5,23,21.6,1.5,12.9
"Johor",2000,583.5,570.8,12.7,312.7,638.9,624.6,14.3,291.4
"Kedah",2000,409.4,397.4,11.9,246,235.8,229.1,6.7,145.3
"Kelantan",2000,291.5,284.2,7.3,187.9,145.7,141.5,4.2,101.1
"Melaka",2000,146,144.2,1.8,89.4,110.9,109.4,1.5,56.5
"N. Sembilan",2000,194.2,188.1,6.2,112.9,165.4,159.4,6,94.5
"P. Pinang",2000,183.7,180,3.7,76.8,498.6,489.2,9.3,204.1
"Pahang",2000,303.9,295.3,8.6,186.2,155.2,151.5,3.7,93.3
"Perak",2000,339.1,325.7,13.4,216.8,432.2,418.3,13.8,265.1
"Perlis",2000,55.5,54.2,1.3,36.6,21.5,20.6,0.9,13
"Sabah",2000,687.6,649.4,38.2,362.7,304,284.4,19.5,182.4
"Sarawak",2000,544.1,524.6,19.6,175.1,371.6,351.7,19.9,181.4
"Selangor",2000,460.2,450,10.2,232.1,1255.1,1231.4,23.6,626.9
"Terengganu",2000,170.3,166,4.3,101.7,145.1,140,5.1,89.1
"W.P Labuan",2000,12.5,11.6,0.9,8,14.1,13.8,0.4,7.8
"Johor",2001,383.5,367.5,15.9,214.1,895.5,868.3,27.2,452.2
"Kedah",2001,405,388,17.1,262,322.4,313.1,9.3,198.3
"Kelantan",2001,295.4,285.7,9.7,216.1,152.5,148.5,4,107.2
"Melaka",2001,71.3,69.7,1.6,47.7,201.3,198,3.2,118.8
"N. Sembilan",2001,152.9,147.7,5.2,93,209.9,203.6,6.3,108.5
"P. Pinang",2001,134.6,129.6,5.1,64.9,598.7,585.4,13.3,230.6
"Pahang",2001,237.9,230.6,7.3,147,213.7,207.1,6.6,119.1
"Perak",2001,276.6,263.1,13.5,196.3,484.7,467.5,17.1,317.2
"Perlis",2001,59.4,57.2,2.2,41.9,26.5,25.6,0.8,18.3
"Sabah",2001,557.5,523.7,33.8,262.6,490.5,455.3,35.2,284.1
"Sarawak",2001,461.9,444.3,17.6,153.9,456.1,433.1,23,231.7
"Selangor",2001,131.5,128.2,3.4,79.9,1421,1386.5,34.5,684.1
"Terengganu",2001,147.2,142.9,4.3,94,159.9,155.7,4.2,101.1
"W.P Labuan",2001,6.3,5.8,0.5,3.9,22.4,21.3,1.1,13
"Johor",2002,405.4,391.5,13.9,223.5,853.6,830.8,22.8,404.9
"Kedah",2002,398.6,386.5,12.1,249.2,267.9,258.6,9.3,176.6
"Kelantan",2002,295.6,283.6,12,207.5,144.1,139.1,5,97.6
"Melaka",2002,77.2,75,2.2,47.9,159,154.3,4.6,104.4
"N. Sembilan",2002,159.8,153.5,6.3,89.2,177.3,171.2,6.1,98.2
"P. Pinang",2002,95,92.5,2.4,50,562.3,550.6,11.7,253
"Pahang",2002,245.1,237.6,7.5,152.9,173.9,169.4,4.5,104.8
"Perak",2002,289.9,278.6,11.2,205.9,530.7,509.7,21.1,371.2
"Perlis",2002,38.1,36.8,1.2,29.4,20.7,20.1,0.6,13.2
"Sabah",2002,564.5,536.1,28.5,267.7,528.6,492.7,35.9,289.2
"Sarawak",2002,493.2,473.9,19.3,196.5,462.6,443.8,18.8,246.8
"Selangor",2002,146.5,141,5.5,91.1,1656.7,1608.8,47.9,880.7
"Terengganu",2002,150.4,145.4,4.9,99.1,138.5,134.2,4.3,88
"W.P Labuan",2002,10.1,9.6,0.5,5.6,23.9,23.3,0.6,12
"Johor",2003,432.2,414.7,17.5,220.7,883.1,854.4,28.7,410.5
"Kedah",2003,397.1,382.8,14.2,243.1,283.1,274.9,8.2,164.9
"Kelantan",2003,320.8,310.6,10.3,211.2,170.7,165.1,5.6,109
"Melaka",2003,85.2,82.7,2.5,49.7,195.3,190,5.3,116.8
"N. Sembilan",2003,151.7,145.6,6.1,81.3,200.6,194.4,6.2,103.5
"P. Pinang",2003,121.6,118.7,2.8,66.8,564.8,555.6,9.1,275.5
"Pahang",2003,264.5,254.9,9.6,160.1,212.6,205.1,7.5,120.2
"Perak",2003,286.9,270.1,16.7,200.3,484.5,464.5,20,324.5
"Perlis",2003,52.2,49.7,2.4,36.6,27.9,26.8,1.1,19.3
"Sabah",2003,575,549.7,25.3,249.1,559.5,523.4,36.2,321.9
"Sarawak",2003,466.5,449.3,17.1,178.8,479.9,460.6,19.3,240.6
"Selangor",2003,203,194.5,8.4,117.9,1692.3,1639.7,52.6,812.6
"Terengganu",2003,177.1,172.6,4.5,108.9,178,172.3,5.7,116.1
"W.P Labuan",2003,8.1,7.7,0.4,5.3,25.2,24.1,1.1,9.5
"Johor",2004,394.9,379.1,15.8,219.9,883.9,853.5,30.4,430.4
"Kedah",2004,397.9,382.1,15.8,237.4,282.5,272.4,10.1,177.9
"Kelantan",2004,292.3,280,12.2,231.1,162.9,156.6,6.3,124.4
"Melaka",2004,78.1,77,1.1,45.1,191.4,188,3.3,117
"N. Sembilan",2004,159,153.4,5.6,90.6,214.6,206.9,7.6,128
"P. Pinang",2004,120,117.7,2.4,64.9,516.7,507.3,9.4,262
"Pahang",2004,292.3,282.4,9.8,199.5,251.7,243.7,7.9,149.8
"Perak",2004,308.2,295.6,12.5,213.1,510.2,495.4,14.8,340.9
"Perlis",2004,47,45.4,1.6,36.3,29.3,28.4,0.9,20.5
"Sabah",2004,584.5,552.1,32.4,283.2,572.4,529.6,42.8,322.7
"Sarawak",2004,471.2,452.4,18.8,201.9,484,466.2,17.8,240.9
"Selangor",2004,191,182.6,8.3,113.5,1837.1,1790.7,46.4,903.8
"Terengganu",2004,173.1,167.9,5.2,110.8,174.8,169,5.8,123.5
"W.P Labuan",2004,7.9,7.6,0.3,5.3,26,24.7,1.4,10.9
"Johor",2005,355.5,343.6,11.9,221.3,924.5,893.5,31,472.5
"Kedah",2005,383.8,368.3,15.5,257.3,294.1,284.5,9.6,188.3
"Kelantan",2005,291.1,281.3,9.8,250.2,163.1,157.5,5.6,134.1
"Melaka",2005,71.6,70.6,1,46.3,202.9,200.5,2.4,121.8
"N. Sembilan",2005,149.2,142.8,6.4,91.9,237.5,230,7.5,127.6
"P. Pinang",2005,117.9,114.8,3.1,71.3,517.1,506.7,10.4,273.9
"Pahang",2005,279.9,270.3,9.5,198,262.9,254.4,8.5,169.8
"Perak",2005,297.3,284.9,12.3,222.7,531.5,516.3,15.2,351.2
"Perlis",2005,46.8,45.3,1.5,37.8,29.5,28.8,0.7,21.8
"Sabah",2005,585.9,557.7,28.2,280.9,595.9,549.1,46.9,359.8
"Sarawak",2005,472.5,453.3,19.2,217.8,477.8,457.6,20.2,262.4
"Selangor",2005,176.6,168.9,7.7,112.4,1872.2,1817,55.2,951.2
"Terengganu",2005,170.4,164.6,5.7,117.2,182.7,177.3,5.4,133.3
"W.P Labuan",2005,7.6,7.2,0.4,4.8,24.5,23.3,1.2,13.8
"Johor",2006,349.9,342,7.9,226.7,935.9,916.2,19.7,500.1
"Kedah",2006,389,375,14,261.1,293.4,281.8,11.6,206.1
"Kelantan",2006,300.3,293.4,6.9,254.4,169.5,164.9,4.5,142.2
"Melaka",2006,73.9,72.8,1.1,49.1,202.7,200.3,2.4,124.6
"N. Sembilan",2006,156.1,148.5,7.6,92.8,238.4,230.3,8.1,131.8
"P. Pinang",2006,125.4,122.5,2.9,75.6,533.5,525.2,8.3,263.8
"Pahang",2006,296.8,289.6,7.2,205,274.5,267.8,6.7,158.3
"Perak",2006,319.9,305.8,14.1,210.3,525.6,510,15.5,372.9
"Perlis",2006,48.7,47,1.7,38.6,28.3,27.5,0.7,23.3
"Sabah",2006,601.2,572.1,29.1,288.6,629.2,588,41.2,363.2
"Sarawak",2006,477.9,459.7,18.2,229.5,480.1,458.6,21.5,272.7
"Selangor",2006,178.5,172.3,6.2,111,1905.9,1845.3,60.6,980.6
"Terengganu",2006,172.8,166.7,6.1,120.8,191.8,184.8,7,140.9
"W.P Labuan",2006,7.5,7.1,0.5,5.3,26.2,23.5,2.7,13.4
"Johor",2007,366.3,358.9,7.4,225.2,947.3,927.8,19.5,520.5
"Kedah",2007,398.2,383.9,14.4,263.3,294.8,286.5,8.3,218.3
"Kelantan",2007,315,306.5,8.5,263.6,171.2,166.5,4.6,146.7
"Melaka",2007,67.4,65.9,1.5,39.3,223,218.4,4.6,130.4
"N. Sembilan",2007,155.2,149.6,5.6,99.3,240.6,232,8.6,136.5
"P. Pinang",2007,117,114.7,2.4,69.8,550.5,538.8,11.7,278.8
"Pahang",2007,296.9,285.3,11.5,202.8,283.3,276.6,6.7,174
"Perak",2007,305.3,296.4,8.9,210.5,572.5,555.8,16.7,368.5
"Perlis",2007,51.6,49.9,1.7,36.9,30.9,30.1,0.8,22.5
"Sabah",2007,619.7,590.2,29.4,288.6,648.1,608.3,39.7,385.7
"Sarawak",2007,500.3,481,19.3,208.3,497.2,473.1,24.1,286
"Selangor",2007,180.3,173,7.3,117.6,1947.7,1891.3,56.4,998.4
"Terengganu",2007,177.1,172.4,4.6,134.3,195.7,190.6,5.1,139.8
"W.P Labuan",2007,8.9,8.4,0.5,5.6,25.3,24.2,1.1,14
"Johor",2008,350.5,343.2,7.2,222.2,962.6,940.6,22.1,568.1
"Kedah",2008,396.7,380.5,16.2,276.3,306.3,295.5,10.7,221.3
"Kelantan",2008,318.4,309.3,9.2,267.1,182.5,177.2,5.3,151.5
"Melaka",2008,59.5,58.9,0.7,38.2,230.4,227.9,2.6,141.1
"N. Sembilan",2008,156.8,152,4.8,99.1,242.5,235.1,7.5,145.3
"P. Pinang",2008,117.4,114.9,2.5,68.7,571,560,10.9,274.5
"Pahang",2008,308.6,299.7,9,205.7,297,290.2,6.9,168.6
"Perak",2008,328.9,316.4,12.5,220.4,563.7,542.5,21.1,368.5
"Perlis",2008,51.1,49.6,1.5,38.4,32.9,31.9,1,22.4
"Sabah",2008,616.8,589,27.8,323.5,677.4,641.4,36,387.8
"Sarawak",2008,464.2,437.3,27,246.2,508.8,484.4,24.4,304.6
"Selangor",2008,168.2,161.5,6.7,111.7,1991.6,1930.5,61.1,1049.2
"Terengganu",2008,181.1,174.8,6.2,132.7,207.7,200.7,7,147.7
"W.P Labuan",2008,7.8,7.5,0.3,5.3,26.6,25,1.6,15.8
"Johor",2009,338.5,328.4,10.1,228.9,1011.5,977.9,33.6,563
"Kedah",2009,405.3,387.9,17.4,281.2,327.3,313.7,13.7,214.8
"Kelantan",2009,329.6,322,7.6,275.8,188.3,183.2,5,156.9
"Melaka",2009,60.8,59.3,1.5,38.6,230.1,224.7,5.4,147.7
"N. Sembilan",2009,153.3,146.9,6.4,106.9,248.9,239.5,9.3,147.1
"P. Pinang",2009,119.8,115.9,4,68.6,587.3,573.9,13.4,275.7
"Pahang",2009,313.2,302.4,10.8,200.5,309,301.2,7.8,177.3
"Perak",2009,333.8,323.1,10.7,217.4,589.9,568.4,21.5,366
"Perlis",2009,51,49.3,1.8,38.4,33.3,32.2,1,24.6
"Sabah",2009,635.4,603.8,31.6,313.1,709.9,666.9,43,408.8
"Sarawak",2009,506.8,484.4,22.4,225.3,517.4,493,24.4,304.6
"Selangor",2009,176,169.1,6.8,113.2,1997.3,1926.1,71.2,1100.5
"Terengganu",2009,192.2,184.6,7.6,136.4,213.4,205.7,7.7,148.3
"W.P Labuan",2009,9.3,8.8,0.6,5,28.3,26.7,1.5,14.5
"Johor",2010,396.2,387.8,8.4,226.9,1057.3,1031,26.3,592
"Kedah",2010,408.9,398.5,10.4,287,338,327.2,10.8,222
"Kelantan",2010,354.9,346.5,8.4,270.2,192.4,187.7,4.7,141.9
"Melaka",2010,68.7,67.8,0.9,45.5,269.9,267.2,2.7,170.7
"N. Sembilan",2010,155.9,150.2,5.6,106.5,262.4,255.2,7.3,168.4
"P. Pinang",2010,127.4,123.5,3.9,68.7,631.6,618.8,12.8,283.6
"Pahang",2010,294.5,285.8,8.7,194.1,314,305.2,8.7,174.5
"Perak",2010,337.9,327.9,10,246.1,568.1,550.8,17.3,396.1
"Perlis",2010,51.3,49.6,1.8,44.9,32.3,31.3,1,27.7
"Sabah",2010,728.2,694.4,33.8,359.7,752.5,704.2,48.3,405.7
"Sarawak",2010,518.7,494.7,24,224.9,575,550.9,24.1,309.9
"Selangor",2010,200.5,191.5,8.9,124.8,2433.9,2359.6,74.3,1224.9
"Terengganu",2010,184.9,179,5.9,125,195.7,187.6,8.1,147.1
"W.P Labuan",2010,10.4,9.8,0.6,5.5,29.7,27.9,1.8,14.2
"Johor",2011,382.2,373.1,9.1,236.7,1117.7,1088.8,28.9,579.6
"Kedah",2011,428.6,412.1,16.5,282.9,341.4,331.3,10.1,229.1
"Kelantan",2011,359,352.4,6.6,281.4,196.4,192.2,4.2,150.3
"Melaka",2011,67.9,67.2,0.6,44.4,275.4,273.6,1.8,178.4
"N. Sembilan",2011,172.5,167.9,4.6,108.5,256.7,248.2,8.5,172.4
"P. Pinang",2011,129.6,126.9,2.7,73.7,657.9,645.9,12,275.1
"Pahang",2011,302.2,294.2,8,196,322.4,314.1,8.2,181.7
"Perak",2011,350.3,339.9,10.4,237.8,594.3,579.8,14.5,393.4
"Perlis",2011,52.9,50.6,2.3,44.5,33.9,32.7,1.2,27.2
"Sabah",2011,723.9,683.8,40.1,362.8,838.5,790.6,48,402.1
"Sarawak",2011,533.8,511.5,22.4,246.1,569.6,546.7,22.9,320
"Selangor",2011,207.7,200.5,7.2,123.2,2503,2444.8,58.3,1171.8
"Terengganu",2011,190.6,185.3,5.3,122.4,212.6,205,7.6,146.8
"W.P Labuan",2011,10.2,9.8,0.5,5.8,30.1,28.8,1.2,14.6
"Johor",2012,391.3,379.9,11.4,229.6,1138.1,1101.6,36.5,592.3
"Kedah",2012,433.2,418.3,14.9,271.1,377.1,368.6,8.5,230.9
"Kelantan",2012,380.9,372.2,8.6,275.6,211.4,206.5,4.9,149.3
"Melaka",2012,61.2,60.7,0.4,38.6,297.7,296.3,1.4,179.9
"N. Sembilan",2012,160.8,155.4,5.3,102.7,294.9,286.7,8.2,161.8
"P. Pinang",2012,139.2,135.5,3.7,70.7,656.7,644.3,12.4,288.1
"Pahang",2012,317.4,308.4,9,184.5,333.5,324.7,8.9,187
"Perak",2012,345.8,335.8,10,232.3,609.6,591.3,18.3,414.9
"Perlis",2012,54.9,52.7,2.2,41.3,35.7,34.4,1.3,28.1
"Sabah",2012,726.5,692.8,33.7,323.3,901.4,844.6,56.8,457.1
"Sarawak",2012,566.8,548.2,18.6,217.1,618.2,595.7,22.5,305.9
"Selangor",2012,209.4,202.7,6.6,119.5,2633.3,2573.3,59.9,1106.6
"Terengganu",2012,185.6,180,5.6,130.8,216.2,209.6,6.6,154.1
"W.P Labuan",2012,10,9.5,0.5,5.7,31.3,30,1.4,14.8
"Johor",2013,378.4,369.5,9,207.1,1220.4,1184,36.5,564.2
"Kedah",2013,454.7,443.3,11.4,254,408,399,9.1,235.9
"Kelantan",2013,401.8,390.4,11.4,275.7,218,212.3,5.7,149.1
"Melaka",2013,58.9,58.4,0.5,33.7,319.3,317.1,2.2,174.5
"N. Sembilan",2013,170.9,165.4,5.5,93.2,308,298.8,9.2,161.9
"P. Pinang",2013,126.7,123.7,3,59.5,699.4,688.3,11.2,304.3
"Pahang",2013,318.2,308.2,10,175.3,360.7,351.5,9.2,186.4
"Perak",2013,332.4,322.6,9.8,225.5,652.8,625.3,27.5,417.2
"Perlis",2013,58,55.8,2.2,38.1,39.9,38.5,1.4,26
"Sabah",2013,775.4,740.5,35,321.4,1026.3,965.5,60.7,446
"Sarawak",2013,581.6,563.2,18.4,219,652.6,625.3,27.3,323.5
"Selangor",2013,218.5,212.9,5.6,104.3,2787.7,2720.4,67.3,1122
"Terengganu",2013,194.2,187.9,6.3,132.3,227.1,219,8,148.1
"W.P Labuan",2013,10.1,9.6,0.5,5.5,31.7,30.5,1.2,15
"Johor",2014,373.2,363,10.2,198.8,1248,1216.8,31.2,580
"Kedah",2014,279.1,271.8,7.3,143.4,605,588,17,350
"Kelantan",2014,341.6,331.4,10.2,218,304.6,293.8,10.8,207.2
"Melaka",2014,32.2,31.8,0.4,16.7,366.2,363.1,3.1,180.5
"N. Sembilan",2014,135.4,129.8,5.6,77.2,345.5,336.7,8.8,182.1
"P. Pinang",2014,51.2,49.9,1.2,23.7,801.4,789.3,12.1,324.6
"Pahang",2014,307.8,298.9,8.8,149.5,394.3,384.2,10,204
"Perak",2014,251.3,243.8,7.5,164.1,735.9,710.3,25.6,489.2
"Perlis",2014,41.9,40.8,1.1,27.1,56.5,54.4,2.2,38.5
"Sabah",2014,792.2,760,32.2,309.4,1039.3,980.9,58.4,485.7
"Sarawak",2014,576.8,563.8,12.9,189.3,694.6,668.4,26.2,348.6
"Selangor",2014,193.6,189.1,4.5,84.9,2902.4,2844.5,58,1136.2
"Terengganu",2014,156.4,149.3,7,100.5,276.5,265.5,10.9,182.5
"W.P Labuan",2014,5.4,5.1,0.2,3,37.6,35.7,1.9,17.3
"Johor",2015,373.2,361.2,11.9,183.4,1260,1221.4,38.6,616.5
"Kedah",2015,277.1,268.4,8.7,144.4,628.3,613.2,15.1,352.1
"Kelantan",2015,350.7,338.8,12,202.5,325.4,313.3,12.1,212.8
"Melaka",2015,28.2,28,0.3,15.7,374.2,370.4,3.8,185.9
"N. Sembilan",2015,136.7,132.4,4.3,72.5,346.9,336.3,10.6,189.5
"P. Pinang",2015,45.4,44.3,1.1,23.3,802.8,789.9,12.9,342.5
"Pahang",2015,305.8,296.8,9,148,412.4,400.7,11.7,201.4
"Perak",2015,238.3,232.5,5.8,153.5,776,749.3,26.7,483.3
"Perlis",2015,40.7,39.7,1,26.3,60.4,58.4,2,38.4
"Sabah",2015,806,777.4,28.6,289.2,1057.5,993.7,63.8,526.8
"Sarawak",2015,534.8,520.3,14.5,205,723.5,694.4,29,376.4
"Selangor",2015,186.2,181.9,4.3,90.5,3026.7,2953.1,73.6,1093
"Terengganu",2015,153.6,147.1,6.5,103.9,284.4,273.4,11,189.5
"W.P Labuan",2015,5.4,5.1,0.3,3,36.1,34.3,1.8,19.9
"Johor",2016,358.8,344.1,14.7,183.7,1280.3,1236.5,43.8,637.1
"Kedah",2016,257.2,249.5,7.8,140.5,653.7,634.9,18.8,367.9
"Kelantan",2016,329.7,317.1,12.6,226.8,328.1,315.8,12.3,228
"Melaka",2016,25.7,25.7,0.1,11.7,375.1,371.6,3.5,200.3
"N. Sembilan",2016,135.9,132.3,3.5,72.6,343.9,334.6,9.3,189.5
"P. Pinang",2016,44.5,43.3,1.2,23.6,801,784.1,16.9,356.2
"Pahang",2016,303.8,295.9,7.9,145.7,406.7,396.4,10.3,220.8
"Perak",2016,227.4,221.1,6.3,138.5,795.7,767.2,28.5,496.9
"Perlis",2016,41.1,40,1.1,23.9,62.1,60.2,1.9,40.5
"Sabah",2016,814.4,780.4,34,285,1112.7,1043.3,69.3,508.5
"Sarawak",2016,537,526,11.1,206.5,723.1,692.3,30.8,396
"Selangor",2016,177.4,172.8,4.6,93.2,3147.5,3044.8,102.7,1063
"Terengganu",2016,153,147.6,5.5,100.7,294.1,281,13.2,196.9
"W.P Labuan",2016,5.2,4.8,0.4,2.8,38.4,35.3,3,19.1
"Johor",2017,344.2,333.3,10.9,169.7,1327.5,1281.3,46.1,653.6
"Kedah",2017,257.4,248.8,8.5,129.7,673.4,655.5,17.9,377.8
"Kelantan",2017,336.9,325.7,11.2,203.5,357.9,344.3,13.6,238.7
"Melaka",2017,23.1,22.9,0.2,14.2,386.3,382.5,3.8,200.8
"N. Sembilan",2017,128.1,124.3,3.8,66.4,362.6,352.5,10.1,200.3
"P. Pinang",2017,37.7,36.4,1.3,22.2,801.7,785.8,16,381.3
"Pahang",2017,281.5,273.6,7.9,151.3,429,416.1,12.9,226
"Perak",2017,235.1,227.7,7.3,126.1,813.3,781.6,31.7,489.5
"Perlis",2017,36,35,1,23.8,65.4,62.9,2.5,44
"Sabah",2017,829.9,802.3,27.7,315.1,1073.4,993.6,79.8,562.7
"Sarawak",2017,514.2,502.4,11.7,211.1,776.5,749.4,27.1,401.2
"Selangor",2017,171.1,166.2,4.9,81.5,3286.5,3193.3,93.2,1028.4
"Terengganu",2017,146.4,142.6,3.8,94,309.9,293.3,16.6,208.3
"W.P Labuan",2017,4.9,4.5,0.5,3,36.8,33.7,3.1,20.8
"W.P Kuala Lumpur",1982,0,0,0,0,472.6,463.6,9,206.1
"W.P Kuala Lumpur",1983,0,0,0,0,439.6,430.7,8.9,182.9
"W.P Kuala Lumpur",1984,0,0,0,0,504.5,485.4,19.2,253.7
"W.P Kuala Lumpur",1985,0,0,0,0,509.7,491.7,18,247.3
"W.P Kuala Lumpur",1986,0,0,0,0,481.3,455,26.3,243.5
"W.P Kuala Lumpur",1987,0,0,0,0,485.5,457.9,27.6,239.6
"W.P Kuala Lumpur",1988,0,0,0,0,498.7,469.6,29.2,242.2
"W.P Kuala Lumpur",1989,0,0,0,0,524.3,504.7,19.6,263.1
"W.P Kuala Lumpur",1990,0,0,0,0,503.9,490.7,13.2,247.2
"W.P Kuala Lumpur",1992,0,0,0,0,569.6,555.8,13.7,273.3
"W.P Kuala Lumpur",1993,0,0,0,0,598.6,580.5,18.1,256.3
"W.P Kuala Lumpur",1995,0,0,0,0,598.4,588.4,10.1,301.2
"W.P Kuala Lumpur",1996,0,0,0,0,710.8,697.8,13,323.2
"W.P Kuala Lumpur",1997,0,0,0,0,700.7,691,9.7,321
"W.P Kuala Lumpur",1998,0,0,0,0,685.6,668.3,17.2,371.9
"W.P Kuala Lumpur",1999,0,0,0,0,710.4,689.7,20.7,363.6
"W.P Kuala Lumpur",2000,0,0,0,0,680.4,662.8,17.6,368.3
"W.P Kuala Lumpur",2001,0,0,0,0,723.2,703.7,19.5,378.5
"W.P Kuala Lumpur",2002,0,0,0,0,816.9,794.1,22.7,417.4
"W.P Kuala Lumpur",2003,0,0,0,0,740.3,715.1,25.2,383.9
"W.P Kuala Lumpur",2004,0,0,0,0,691.6,671.7,19.9,325.1
"W.P Kuala Lumpur",2005,0,0,0,0,691.4,675.2,16.1,336.8
"W.P Kuala Lumpur",2006,0,0,0,0,696.1,676.6,19.5,342.6
"W.P Kuala Lumpur",2007,0,0,0,0,702.4,682.1,20.3,344.8
"W.P Kuala Lumpur",2008,0,0,0,0,701,682.2,18.8,354
"W.P Kuala Lumpur",2009,0,0,0,0,698.3,678.1,20.2,366.6
"W.P Kuala Lumpur",2010,0,0,0,0,812.9,788,24.9,414.3
"W.P Kuala Lumpur",2011,0,0,0,0,837.6,812.5,25.1,405.4
"W.P Putrajaya",2011,0,0,0,0,41.9,41.4,0.5,9.2
"W.P Kuala Lumpur",2012,0,0,0,0,842.9,820.4,22.5,404.2
"W.P Putrajaya",2012,0,0,0,0,40.9,40.3,0.6,9.7
"W.P Kuala Lumpur",2013,0,0,0,0,907.3,877.8,29.5,353.2
"W.P Putrajaya",2013,0,0,0,0,41.2,40.7,0.5,9.2
"W.P Kuala Lumpur",2014,0,0,0,0,877,852,25,379.3
"W.P Putrajaya",2014,0,0,0,0,40.8,40.3,0.5,9.5
"W.P Kuala Lumpur",2015,0,0,0,0,882.6,853.4,29.1,369.6
"W.P Putrajaya",2015,0,0,0,0,38.9,38.5,0.4,10.8
"W.P Kuala Lumpur",2016,0,0,0,0,855.4,827.2,28.2,400.7
"W.P Putrajaya",2016,0,0,0,0,38.9,38.2,0.7,11.2
"W.P Kuala Lumpur",2017,0,0,0,0,867.9,840.9,27,395.4
"W.P Putrajaya",2017,0,0,0,0,37.7,37.2,0.6,11.6
